ID;Name_lang;MapID;DifficultyID;OrderIndex;CompleteWorldStateID;Bit;Flags;SpellIconFileID;Faction;ItemSequenceLevel
227;High Interrogator Gerstahn;230;1;0;4625;0;4;0;-1;0
228;Lord Roccor;230;1;1000;4626;1;4;0;-1;0
229;Houndmaster Grebmar;230;1;2000;4627;2;4;0;-1;0
230;Ring of Law;230;1;3000;4628;3;4;0;-1;0
231;Pyromancer Loregrain;230;1;4000;4629;4;4;0;-1;0
232;Lord Incendius;230;1;5000;4630;5;4;0;-1;0
233;Warder Stilgiss;230;1;6000;4633;6;4;0;-1;0
234;Fineous Darkvire;230;1;7000;4634;7;4;0;-1;0
235;Bael'Gar;230;1;8000;4635;8;4;0;-1;0
236;General Angerforge;230;1;9000;4636;9;4;0;-1;0
237;Golem Lord Argelmach;230;1;10000;4637;10;4;0;-1;0
238;Hurley Blackbreath;230;1;11000;4638;11;4;0;-1;0
239;Phalanx;230;1;12000;4639;12;4;0;-1;0
240;Ribbly Screwspigot;230;1;13000;4640;13;4;0;-1;0
241;Plugger Spazzring;230;1;14000;4641;14;4;0;-1;0
242;Ambassador Flamelash;230;1;15000;4642;15;4;0;-1;0
243;The Seven;230;1;16000;4643;16;4;0;-1;0
244;Magmus;230;1;17000;4644;17;4;0;-1;0
245;Emperor Dagran Thaurissan;230;1;18000;4645;18;4;0;-1;0
250;Yor;557;2;1500;4607;3;4;0;-1;0
267;Highlord Omokk;229;1;0;4646;0;4;0;-1;0
268;Shadow Hunter Vosh'gajin;229;1;1000;4647;1;4;0;-1;0
269;War Master Voone;229;1;2000;4648;2;4;0;-1;0
270;Mother Smolderweb;229;1;3000;4649;3;4;0;-1;0
271;Urok Doomhowl;229;1;4000;4650;4;4;0;-1;0
272;Quartermaster Zigris;229;1;5000;4651;5;4;0;-1;0
273;Gizrul the Slavener;229;1;6000;4652;6;4;0;-1;0
274;Halycon;229;1;5500;4653;7;4;0;-1;0
275;Overlord Wyrmthalak;229;1;8000;4654;8;4;0;-1;0
343;Zevrim Thornhoof;429;0;0;4669;0;4;0;-1;0
344;Hydrospawn;429;0;-500;4670;1;4;0;-1;0
345;Lethtendris;429;0;-1000;4671;2;4;0;-1;0
346;Alzzin the Wildshaper;429;0;3000;4672;3;4;0;-1;0
347;Illyanna Ravenoak;429;0;4000;4676;4;4;0;-1;0
348;Magister Kalendris;429;0;5000;4675;5;4;0;-1;0
349;Immol'thar;429;0;6000;4676;6;4;0;-1;0
350;Tendris Warpwood;429;0;3500;4673;7;4;0;-1;0
361;Prince Tortheldrin;429;0;7000;4677;8;4;0;-1;0
362;Guard Mol'dar;429;1;8000;4678;9;4;0;-1;0
363;Stomper Kreeg;429;1;9000;4679;10;4;0;-1;0
364;Guard Fengus;429;1;10000;4680;11;4;0;-1;0
365;Guard Slip'kik;429;1;11000;4681;12;4;0;-1;0
366;Captain Kromcrush;429;1;12000;4682;13;4;0;-1;0
367;Cho'Rush the Observer;429;1;13000;4683;14;4;0;-1;0
368;King Gordok;429;1;14000;1544;15;4;0;-1;0
378;Viscous Fallout;90;1;2500;4693;1;4;0;-1;0
379;Grubbis;90;1;2000;4694;2;4;0;-1;0
380;Electrocutioner 6000;90;1;3000;4695;3;4;0;-1;0
381;Crowd Pummeler 9-60;90;1;4000;4696;4;4;0;-1;0
382;Mekgineer Thermaplugg;90;1;5000;4697;5;4;0;-1;0
422;Noxxion;349;1;0;4703;0;4;0;-1;0
423;Razorlash;349;1;1000;4704;1;4;0;-1;0
424;Lord Vyletongue;349;1;2000;4705;2;4;0;-1;0
425;Celebras the Cursed;349;1;3000;4706;3;4;0;-1;0
426;Landslide;349;1;4000;4707;4;4;0;-1;0
427;Tinkerer Gizlock;349;1;1500;4708;5;4;0;-1;0
428;Rotgrip;349;1;6000;4709;6;4;0;-1;0
429;Princess Theradras;349;1;7000;4710;7;4;0;-1;0
438;Roogug;47;1;375;8591;0;0;0;-1;0
444;Interrogator Vishas;189;1;0;24615;0;0;0;-1;0
446;Houndmaster Loksey;189;1;2000;24617;2;0;0;-1;0
447;Arcanist Doan;189;1;3000;24618;3;0;0;-1;0
448;Herod;189;1;4000;24619;4;0;0;-1;0
449;High Inquisitor Fairbanks;189;1;5000;24620;5;0;0;-1;0
450;High Inquisitor Whitemane;189;1;6000;24621;6;0;0;-1;0
451;Kirtonos the Herald;289;1;0;4573;0;0;0;-1;0
452;Jandice Barov;289;1;1000;4574;1;0;0;-1;0
453;Rattlegore;289;1;2000;4575;2;0;0;-1;0
454;Marduk Blackpool;289;1;3000;4576;3;0;0;-1;0
455;Vectus;289;1;4000;4577;4;0;0;-1;0
456;Ras Frostwhisper;289;1;5000;4578;5;0;0;-1;0
457;Instructor Malicia;289;1;6000;4588;6;0;0;-1;0
458;Doctor Theolen Krastinov;289;1;7000;4589;7;0;0;-1;0
459;Lorekeeper Polkelt;289;1;8000;4590;8;0;0;-1;0
460;The Ravenian;289;1;9000;4591;9;0;0;-1;0
461;Lord Alexei Barov;289;1;10000;4592;10;0;0;-1;0
462;Lady Illucia Barov;289;1;11000;4593;11;0;0;-1;0
463;Darkmaster Gandling;289;1;12000;4594;12;0;0;-1;0
472;The Unforgiven;329;0;6500;4719;0;4;0;-1;0
473;Hearthsinger Forresten;329;0;1000;4720;1;4;0;-1;0
474;Timmy the Cruel;329;0;2000;4721;2;4;0;-1;0
475;Willey Hopebreaker;329;0;3000;4723;3;4;0;-1;0
476;Commander Malor;329;0;2500;4722;4;4;0;-1;0
477;Instructor Galford;329;0;5000;4724;5;4;0;-1;0
478;Balnazzar;329;0;6000;4725;6;4;0;-1;0
479;Baroness Anastari;329;0;7000;4726;7;4;0;-1;0
480;Nerub'enkan;329;0;8000;4727;8;4;0;-1;0
481;Maleki the Pallid;329;0;9000;4728;9;4;0;-1;0
482;Magistrate Barthilas;329;0;10000;4729;10;4;0;-1;0
483;Ramstein the Gorger;329;0;11000;4730;11;4;0;-1;0
484;Lord Aurius Rivendare;329;0;12000;4731;12;4;0;-1;0
486;Dreamscythe;109;1;1000;4734;1;4;0;-1;0
487;Weaver;109;1;2000;4735;2;4;0;-1;0
488;Jammal'an the Prophet;109;1;500;121;3;4;0;-1;0
490;Morphaz;109;1;5000;4737;5;4;0;-1;0
491;Hazzas;109;1;6000;4738;6;4;0;-1;0
492;Avatar of Hakkar;109;1;-500;4739;7;4;0;-1;0
493;Shade of Eranikus;109;1;8000;4740;8;4;0;-1;0
519;Frozen Commander;576;2;0;3685;0;0;0;-1;0
528;Drakos the Interrogator;578;1;0;3869;0;0;0;-1;0
529;Drakos the Interrogator;578;2;1000;3869;0;0;0;-1;0
530;Varos Cloudstrider;578;1;1000;3871;1;0;0;-1;0
531;Varos Cloudstrider;578;2;2000;3871;1;0;0;-1;0
532;Mage-Lord Urom;578;1;2000;3872;2;0;0;-1;0
533;Mage-Lord Urom;578;2;3000;3872;2;0;0;-1;0
534;Ley-Guardian Eregos;578;1;3000;3873;3;0;0;-1;0
535;Ley-Guardian Eregos;578;2;4000;3873;3;0;0;-1;0
547;Revelosh;70;1;0;4758;0;4;0;-1;0
548;The Lost Dwarves;70;1;1000;4761;1;4;0;-1;0
549;Ironaya;70;1;2000;4762;2;4;0;-1;0
551;Ancient Stone Keeper;70;1;4000;4764;4;4;0;-1;0
552;Galgann Firehammer;70;1;5000;4765;5;4;0;-1;0
553;Grimlok;70;1;6000;4766;6;4;0;-1;0
554;Archaedas;70;1;7000;4767;7;4;0;-1;0
585;Lady Anacondra;43;1;0;4776;0;4;0;-1;0
586;Lord Cobrahn;43;1;1000;4777;1;4;0;-1;0
587;Kresh;43;1;2000;4778;2;4;0;-1;0
588;Lord Pythas;43;1;3000;4779;3;4;0;-1;0
589;Skum;43;1;4000;4780;4;4;0;-1;0
590;Lord Serpentis;43;1;5000;4781;5;4;0;-1;0
591;Verdan the Everliving;43;1;6000;4782;6;4;0;-1;0
592;Mutanus the Devourer;43;1;7000;4783;7;4;0;-1;0
593;Hydromancer Velratha;209;0;0;4784;0;4;0;-1;0
594;Ghaz'rilla;209;0;1000;4785;1;4;0;-1;0
595;Antu'sul;209;0;-500;4786;2;4;0;-1;0
596;Theka the Martyr;209;0;-1000;4787;3;4;0;-1;0
597;Witch Doctor Zum'rah;209;0;-250;4788;4;4;0;-1;0
598;Nekrum Gutchewer;209;0;5000;4789;5;4;0;-1;0
599;Shadowpriest Sezz'ziz;209;0;6000;4790;6;4;0;-1;0
600;Chief Ukorz Sandscalp;209;0;7000;4791;7;4;0;-1;0
601;High Warlord Naj'entus;564;0;0;3013;0;6;0;-1;0
602;Supremus;564;0;1000;3012;1;6;0;-1;0
603;Shade of Akama;564;0;2000;3058;2;6;0;-1;0
604;Teron Gorefiend;564;0;3000;4792;3;6;0;-1;0
605;Gurtogg Bloodboil;564;0;4000;3014;4;6;0;-1;0
606;Reliquary of Souls;564;0;5000;4793;5;6;0;-1;0
607;Mother Shahraz;564;0;6000;12150;6;6;0;-1;0
608;The Illidari Council;564;0;7000;3030;7;6;0;-1;0
609;Illidan Stormrage;564;0;8000;4794;8;7;0;-1;0
610;Razorgore the Untamed;469;0;0;4795;0;6;0;-1;0
611;Vaelastrasz the Corrupt;469;0;1000;4796;1;6;0;-1;0
612;Broodlord Lashlayer;469;0;2000;4797;2;6;0;-1;0
613;Firemaw;469;0;3000;4798;3;6;0;-1;0
614;Ebonroc;469;0;4000;4799;4;6;0;-1;0
615;Flamegor;469;0;5000;4800;5;6;0;-1;0
616;Chromaggus;469;0;6000;4801;6;6;0;-1;0
617;Nefarian;469;0;7000;1641;7;7;0;-1;0
618;Rage Winterchill;534;0;0;2519;0;6;0;-1;0
619;Anetheron;534;0;1000;2464;1;6;0;-1;0
620;Kaz'rogal;534;0;2000;2523;2;6;0;-1;0
621;Azgalor;534;0;3000;2487;3;6;0;-1;0
622;Archimonde;534;0;4000;2530;4;7;0;-1;0
623;Hydross the Unstable;548;0;0;2853;0;6;0;-1;0
624;The Lurker Below;548;0;1000;2855;1;6;0;-1;0
625;Leotheras the Blind;548;0;2000;2857;2;6;0;-1;0
626;Fathom-Lord Karathress;548;0;3000;2856;3;6;0;-1;0
627;Morogrim Tidewalker;548;0;4000;2854;4;6;0;-1;0
628;Lady Vashj;548;0;5000;4802;5;7;0;-1;0
649;High King Maulgar;565;0;0;2778;0;2;0;-1;0
650;Gruul the Dragonkiller;565;0;1000;4804;1;3;0;-1;0
651;Magtheridon;544;0;0;4805;0;7;0;-1;0
652;Attumen the Huntsman;532;0;0;2315;0;4;0;-1;0
653;Moroes;532;0;1000;2309;1;4;0;-1;0
654;Maiden of Virtue;532;0;2000;4806;2;4;0;-1;0
655;Opera Hall;532;0;3000;2381;3;4;0;-1;0
656;The Curator;532;0;4000;2501;4;4;0;-1;0
657;Terestian Illhoof;532;0;5000;2336;5;4;0;-1;0
658;Shade of Aran;532;0;6000;2910;6;4;0;-1;0
659;Netherspite;532;0;7000;2865;7;4;0;-1;0
660;Chess Event;532;0;8000;2517;8;4;0;-1;0
661;Prince Malchezaar;532;0;9000;4807;9;4;0;-1;0
662;Nightbane;532;0;10000;4808;10;4;0;-1;0
663;Lucifron;409;0;0;4809;0;6;0;-1;0
664;Magmadar;409;0;1000;847;1;6;0;-1;0
665;Gehennas;409;0;2000;848;2;6;0;-1;0
666;Garr;409;0;3000;846;3;6;0;-1;0
667;Shazzrah;409;0;4000;850;4;6;0;-1;0
668;Baron Geddon;409;0;5000;845;5;6;0;-1;0
669;Sulfuron Harbinger;409;0;6000;761;6;6;0;-1;0
670;Golemagg the Incinerator;409;0;7000;741;7;6;0;-1;0
671;Majordomo Executus;409;0;8000;1502;8;6;0;-1;0
672;Ragnaros;409;0;9000;1666;9;7;0;-1;0
709;The Prophet Skeram;531;0;0;4821;0;6;0;-1;0
710;Silithid Royalty;531;0;1000;4822;1;6;0;-1;0
711;Battleguard Sartura;531;0;2000;4823;2;6;0;-1;0
712;Fankriss the Unyielding;531;0;3000;4824;3;6;0;-1;0
713;Viscidus;531;0;4000;4825;4;6;0;-1;0
714;Princess Huhuran;531;0;5000;4826;5;6;0;-1;0
715;Twin Emperors;531;0;6000;4827;6;6;0;-1;0
716;Ouro;531;0;7000;2296;7;6;0;-1;0
717;C'Thun;531;0;8000;4828;8;7;0;-1;0
718;Kurinnaxx;509;0;0;4811;0;6;0;-1;0
719;General Rajaxx;509;0;1000;2174;1;6;0;-1;0
720;Moam;509;0;2000;4812;2;6;0;-1;0
721;Buru the Gorger;509;0;3000;4813;3;6;0;-1;0
722;Ayamiss the Hunter;509;0;4000;4814;4;6;0;-1;0
723;Ossirian the Unscarred;509;0;5000;4815;5;7;0;-1;0
724;Kalecgos;580;0;0;3434;0;6;0;-1;0
725;Brutallus;580;0;1000;3336;1;6;0;-1;0
726;Felmyst;580;0;2000;3337;2;6;0;-1;0
727;Eredar Twins;580;0;3000;3435;3;6;0;-1;0
728;M'uru;580;0;4000;3423;4;6;0;-1;0
729;Kil'jaeden;580;0;5000;4816;5;7;0;-1;0
730;Al'ar;550;0;0;4817;0;6;0;-1;0
731;Void Reaver;550;0;1000;4818;1;6;0;-1;0
732;High Astromancer Solarian;550;0;2000;4819;2;6;0;-1;0
733;Kael'thas Sunstrider;550;0;3000;4820;3;7;0;-1;0
784;High Priest Venoxis;309;1;0;1967;0;0;0;-1;0
785;High Priestess Jeklik;309;1;-1000;1968;1;0;0;-1;0
786;High Priestess Mar'li;309;1;2000;1969;2;0;0;-1;0
787;Bloodlord Mandokir;309;1;3000;4839;3;0;0;-1;0
788;Edge of Madness;309;1;4000;4850;4;0;0;-1;0
789;High Priest Thekal;309;1;5000;1970;5;0;0;-1;0
790;Gahz'ranka;309;1;6000;4840;6;0;0;-1;0
791;High Priestess Arlokk;309;1;7000;1971;7;0;0;-1;0
792;Jin'do the Hexxer;309;1;8000;4841;8;0;0;-1;0
793;Hakkar;309;1;9000;4844;9;0;0;-1;0
1022;Atramedes;669;0;0;5182;0;6;0;-1;0
1023;Chimaeron;669;0;1000;5318;1;6;0;-1;0
1024;Magmaw;669;0;-500;5301;2;14;0;-1;0
1025;Maloriak;669;0;3000;5315;3;6;0;-1;0
1026;Nefarian's End;669;0;4000;5203;4;7;0;-1;0
1027;Omnotron Defense System;669;0;-1000;5303;5;6;0;-1;0
1028;Ascendant Council;671;0;2000;5339;0;10;0;-1;0
1029;Cho'gall;671;0;2500;5494;1;11;0;-1;0
1030;Halfus Wyrmbreaker;671;0;-1000;5380;2;10;0;-1;0
1032;Theralion and Valiona;671;0;1500;5517;4;10;0;-1;0
1033;Argaloth;757;0;0;5575;0;14;0;-1;0
1034;Al'Akir;754;0;0;5565;0;11;0;-1;0
1035;Conclave of Wind;754;0;-1000;5563;1;6;0;-1;0
1036;Ascendant Lord Obsidius;645;0;0;5131;0;4;0;-1;0
1037;Beauty;645;0;-1000;5129;1;4;0;-1;0
1038;Corla, Herald of Twilight;645;0;-2000;5112;2;4;0;-1;0
1039;Karsh Steelbender;645;0;-1500;5119;3;4;0;-1;0
1040;Rom'ogg Bonecrusher;645;0;-3000;5127;4;4;0;-1;0
1041;Altairus;657;0;0;5497;0;4;0;-1;0
1042;Asaad;657;0;1000;5496;1;4;0;-1;0
1043;Grand Vizier Ertan;657;0;-1000;5500;2;4;0;-1;0
1044;Commander Ulthok;643;0;0;5325;0;4;0;-1;0
1045;Lady Naz'jar;643;0;-1000;5125;1;4;0;-1;0
1046;Mindbender Ghur'sha;643;0;1000;5326;2;4;0;-1;0
1047;Ozumat;643;0;2000;5557;3;4;0;-1;0
1048;Drahga Shadowburner;670;0;0;5098;0;4;0;-1;0
1049;Erudax;670;0;1000;5175;1;4;0;-1;0
1050;Forgemaster Throngus;670;0;-1000;5077;2;4;0;-1;0
1051;General Umbriss;670;0;-2000;5065;3;4;0;-1;0
1052;General Husam;755;0;0;5389;0;4;0;-1;0
1053;High Prophet Barim;755;0;1000;5382;1;4;0;-1;0
1054;Lockmaw;755;0;2000;5562;2;4;0;-1;0
1055;Siamat;755;0;3000;5476;3;4;0;-1;0
1056;Corborus;725;0;0;5569;0;4;0;-1;0
1057;High Priestess Azil;725;0;1000;5572;1;4;0;-1;0
1058;Ozruk;725;0;500;5571;2;4;0;-1;0
1059;Slabhide;725;0;250;5570;3;4;0;-1;0
1069;Baron Ashbury;33;0;0;5551;0;4;0;-1;0
1070;Baron Silverlaine;33;0;1000;4597;1;4;0;-1;0
1071;Commander Springvale;33;0;2000;4598;2;4;0;-1;0
1072;Lord Godfrey;33;0;3000;5553;3;4;0;-1;0
1073;Lord Walden;33;0;2500;5552;4;4;0;-1;0
1074;Ammunae;644;0;0;5166;0;4;0;-1;0
1075;Anraphet;644;0;-1000;5107;1;4;0;-1;0
1076;Earthrager Ptah;644;0;-2000;5165;2;4;0;-1;0
1077;Isiset;644;0;-500;5002;3;4;0;-1;0
1078;Rajh;644;0;1000;5168;4;4;0;-1;0
1079;Setesh;644;0;500;5167;5;4;0;-1;0
1080;Temple Guardian Anhuur;644;0;-3000;4985;6;4;0;-1;0
1081;Vanessa VanCleef;36;2;7000;5613;5;4;0;-1;0
1082;Sinestra;671;5;3500;5523;3;11;0;-1;0
1083;Sinestra;671;6;3500;5523;3;11;0;-1;0
1084;Onyxia;249;0;0;4810;0;7;0;-1;0
1085;Anub'arak;649;0;5000;4241;0;11;0;-1;0
1086;Faction Champions;649;0;3000;4803;1;10;0;-1;0
1087;Lord Jaraxxus;649;0;2000;4272;2;10;0;-1;0
1088;Northrend Beasts;649;0;0;4370;3;10;0;-1;0
1089;Val'kyr Twins;649;0;4000;4334;4;10;0;-1;0
1090;Sartharion;615;0;4000;4833;0;7;0;-1;0
1091;Shadron;615;0;3000;4831;1;4;0;-1;0
1092;Tenebron;615;0;2000;4830;2;4;0;-1;0
1093;Vesperon;615;0;0;4832;3;4;0;-1;0
1094;Malygos;616;0;0;4829;0;2;0;-1;0
1095;Blood Council;631;0;7000;4733;0;10;0;-1;0
1096;Deathbringer Saurfang;631;0;3000;4519;1;2;0;-1;0
1097;Festergut;631;0;5000;4870;2;10;0;-1;0
1098;Valithria Dreamwalker;631;0;10000;4855;3;6;0;-1;0
1099;Icecrown Gunship Battle;631;0;2000;4492;4;10;0;-1;0
1100;Lady Deathwhisper;631;0;1000;4869;5;10;0;-1;0
1101;Lord Marrowgar;631;0;0;4471;6;10;0;-1;0
1102;Professor Putricide;631;0;6000;4871;7;10;0;-1;0
1103;Queen Lana'thel;631;0;9000;4868;8;10;0;-1;0
1104;Rotface;631;0;4000;4435;9;10;0;-1;0
1105;Sindragosa;631;0;12000;4842;10;10;0;-1;0
1106;The Lich King;631;0;14000;4910;11;7;0;-1;0
1107;Anub'Rekhan;533;0;0;2255;0;14;0;-1;0
1108;Gluth;533;0;1000;2242;1;14;0;-1;0
1109;Gothik the Harvester;533;0;500;2238;2;14;0;-1;0
1110;Grand Widow Faerlina;533;0;250;2256;3;14;0;-1;0
1111;Grobbulus;533;0;750;2247;4;14;0;-1;0
1112;Heigan the Unclean;533;0;375;2258;5;14;0;-1;0
1113;Instructor Razuvious;533;0;437;2307;6;14;0;-1;0
1114;Kel'Thuzad;533;0;2000;2269;7;7;0;-1;0
1115;Loatheb;533;0;406;2245;8;14;0;-1;0
1116;Maexxna;533;0;312;2253;9;14;0;-1;0
1117;Noth the Plaguebringer;533;0;343;2257;10;14;0;-1;0
1118;Patchwerk;533;0;625;2244;11;14;0;-1;0
1119;Sapphiron;533;0;1500;2268;12;14;0;-1;0
1120;Thaddius;533;0;1250;2243;13;14;0;-1;0
1121;The Four Horsemen;533;0;562;4012;14;6;0;-1;0
1126;Archavon the Stone Watcher;624;0;0;4836;0;10;0;-1;0
1127;Emalon the Storm Watcher;624;0;1000;4837;1;10;0;-1;0
1128;Koralon the Flame Watcher;624;0;2000;4838;2;10;0;-1;0
1129;Toravon the Ice Watcher;624;0;3000;4895;3;10;0;-1;0
1130;Algalon the Observer;603;0;0;4093;0;66;0;-1;0
1131;Auriaya;603;0;-1000;4140;1;6;0;-1;0
1132;Flame Leviathan;603;0;-2000;4114;2;6;0;-1;0
1133;Freya;603;0;-500;4059;3;6;0;-1;0
1134;General Vezax;603;0;-250;4067;4;6;0;-1;0
1135;Hodir;603;0;-750;4050;5;6;0;-1;0
1136;Ignis the Furnace Master;603;0;-1500;4834;6;6;0;-1;0
1137;Kologarn;603;0;-1250;4089;7;6;0;-1;0
1138;Mimiron;603;0;-375;4060;8;6;0;-1;0
1139;Razorscale;603;0;-1375;4835;9;6;0;-1;0
1140;The Assembly of Iron;603;0;-1312;4091;10;6;0;-1;0
1141;Thorim;603;0;-625;4057;11;6;0;-1;0
1142;XT-002 Deconstructor;603;0;-1343;4138;12;6;0;-1;0
1143;Yogg-Saron;603;0;-125;4121;13;7;0;-1;0
1144;Hogger;34;1;1000;5509;3;4;0;-1;0
1145;Lord Overheat;34;1;2000;5510;4;4;0;-1;0
1146;Randolph Moloch;34;1;3000;5511;5;4;0;-1;0
1147;Baltharus the Warborn;724;0;0;5031;0;4;0;-1;0
1148;General Zarithrian;724;0;1000;5033;1;4;0;-1;0
1149;Saviana Ragefire;724;0;500;5032;2;4;0;-1;0
1150;Halion;724;0;2000;5048;3;6;0;-1;0
1164;Elder Brightleaf;603;0;-562;5630;14;0;0;-1;0
1165;Elder Ironbranch;603;0;-531;5631;15;0;0;-1;0
1166;Elder Stonebark;603;0;-515;5632;16;0;0;-1;0
1178;High Priest Venoxis;859;0;0;5779;0;12;0;-1;0
1179;Bloodlord Mandokir;859;0;1000;5810;1;4;0;-1;0
1180;High Priestess Kilnara;859;0;2000;5780;2;4;0;-1;0
1181;Zanzil;859;0;3000;5769;3;12;0;-1;0
1182;Jin'do the Godbreaker;859;0;4000;5778;4;4;0;-1;0
1185;Majordomo Staghelm;720;0;0;5827;0;14;0;-1;0
1188;Cache of Madness;859;0;1500;5824;5;4;0;-1;0
1189;Akil'zon;568;0;0;3122;0;12;0;-1;0
1190;Nalorakk;568;0;1000;3077;1;12;0;-1;0
1191;Jan'alai;568;0;2000;3153;2;12;0;-1;0
1192;Halazzi;568;0;3000;3152;3;12;0;-1;0
1193;Hex Lord Malacrass;568;0;4000;3146;4;12;0;-1;0
1194;Daakara;568;0;5000;3148;5;12;0;-1;0
1197;Beth'tilac;720;0;-4000;5882;1;14;0;-1;0
1200;Baleroc;720;0;-1000;5898;2;14;0;-1;0
1203;Ragnaros;720;0;2000;5911;3;15;0;-1;0
1204;Lord Rhyolith;720;0;-3000;5872;4;6;0;-1;0
1205;Shannox;720;0;-2375;5919;5;14;0;-1;0
1206;Alysrazor;720;0;-1750;5942;6;14;0;-1;0
1250;Occu'thar;757;0;1000;5821;1;14;0;-1;0
1271;Murozond;938;0;8000;6048;4;4;0;-1;0
1272;Peroth'arn;939;0;0;6067;0;4;0;-1;0
1273;Queen Azshara;939;0;1000;6038;1;4;0;-1;0
1274;Mannoroth;939;0;2000;6055;2;4;0;-1;0
1291;Spine of Deathwing;967;0;0;6097;0;6;0;-1;0
1292;Morchok;967;0;-1000;6082;1;2;0;-1;0
1294;Warlord Zon'ozz;967;0;-500;6084;2;2;0;-1;0
1295;Yor'sahj the Unsleeping;967;0;-250;6102;3;2;0;-1;0
1296;Hagara;967;0;-125;6106;4;2;0;-1;0
1297;Ultraxion;967;0;-62;6128;5;2;0;-1;0
1298;Warmaster Blackhorn;967;0;-31;6134;6;2;0;-1;0
1299;Madness of Deathwing;967;0;1000;6142;7;7;0;-1;0
1303;Gu Cloudstrike;959;0;0;6585;0;0;0;-1;0
1304;Master Snowdrift;959;0;1000;6117;1;0;0;-1;0
1305;Sha of Violence;959;0;2000;6138;2;0;0;-1;0
1306;Taran Zhu;959;0;3000;6151;3;0;0;-1;0
1332;Alizabal;757;0;2000;6158;2;14;0;-1;0
1337;Arcurion;940;0;0;6161;0;4;0;-1;0
1339;Archbishop Benedictus;940;0;1000;6088;1;4;0;-1;0
1340;Asira Dawnslayer;940;0;500;6062;2;4;0;-1;0
1348;Omar the Test Dragon;598;1;0;6215;0;0;0;-1;0
1390;Feng the Accursed;1008;0;0;6428;0;6;306868;-1;0
1395;The Stone Guard;1008;0;-1000;6431;1;6;0;-1;0
1397;Saboteur Kip'tilak;962;0;0;6153;0;4;0;-1;0
1405;Striker Ga'dok;962;0;1000;6465;1;0;0;-1;0
1406;Commander Ri'mok;962;0;2000;6466;2;0;0;-1;0
1407;Will of the Emperor;1008;0;3000;6470;2;7;0;-1;0
1409;Protectors of the Endless;996;0;0;6473;0;6;0;-1;0
1412;Ook-Ook;961;0;0;6143;0;4;0;-1;0
1413;Hoptallus;961;0;1000;6375;1;4;0;-1;0
1414;Yan-Zhu the Uncasked;961;0;2000;6378;2;4;0;-1;0
1416;Liu Flameheart;960;0;1000;6141;1;4;0;-1;0
1417;Lorewalker Stonestep;960;0;0;6295;2;4;0;-1;0
1418;Wise Mari;960;0;-1000;6400;3;4;0;-1;0
1419;Raigonn;962;0;3000;6293;3;0;0;-1;0
1420;Flameweaver Koegler;1001;0;0;6330;0;4;0;-1;0
1421;Armsmaster Harlan;1001;0;-500;6542;1;4;0;-1;0
1422;Houndmaster Braun;1001;0;-1000;6521;2;4;0;-1;0
1423;Thalnos the Soulrender;1004;0;1000;4568;0;4;0;-1;0
1424;Brother Korloff;1004;0;2000;6444;1;4;0;-1;0
1425;High Inquisitor Whitemane;1004;0;3000;6450;2;4;0;-1;0
1426;Instructor Chillheart;1007;0;0;6321;0;0;0;-1;0
1427;Jandice Barov;1007;0;1000;6331;1;0;0;-1;0
1428;Rattlegore;1007;0;2000;6335;2;0;0;-1;0
1429;Lilian Voss;1007;0;3000;6334;3;0;0;-1;0
1430;Darkmaster Gandling;1007;0;4000;6319;4;0;0;-1;0
1431;Sha of Fear;996;0;1000;6525;1;7;0;-1;0
1434;Gara'jal the Spiritbinder;1008;0;500;6463;3;6;0;-1;0
1436;The Spirit Kings;1008;0;2000;6529;4;6;0;-1;0
1439;Sha of Doubt;960;0;3000;6125;0;4;0;-1;0
1441;Xin the Weaponmaster;994;0;1000;6579;1;0;0;-1;0
1442;Trial of the King;994;0;-1000;6586;2;4;0;-1;0
1443;Adarogg;389;0;0;6580;0;4;0;-1;0
1444;Dark Shaman Koranthal;389;0;1000;6583;1;4;0;-1;0
1445;Slagmaw;389;0;2000;6589;2;4;0;-1;0
1446;Lava Guard Gordoth;389;0;3000;6592;3;4;0;-1;0
1447;General Pa'valak;1011;0;1500;6594;0;0;0;-1;0
1463;Garalon;1009;0;-1250;6649;0;6;0;-1;0
1464;Wing Leader Ner'onok;1011;0;2500;6658;1;0;0;-1;0
1465;Vizier Jin'bak;1011;0;0;6625;2;0;0;-1;0
1498;Wind Lord Mel'jarak;1009;0;-1000;6677;1;6;0;-1;0
1499;Amber-Shaper Un'sok;1009;0;1000;6700;2;7;0;-1;0
1500;Elegon;1008;0;2500;6786;5;6;368365;-1;0
1501;Grand Empress Shek'zeer;1009;0;2000;6729;3;7;237143;-1;0
1502;Commander Vo'jak;1011;0;1250;6735;3;0;0;-1;0
1504;Blade Lord Ta'yak;1009;0;-1500;6944;5;6;0;-1;0
1505;Tsulong;996;0;500;6747;2;6;0;-1;0
1506;Lei Shi;996;0;750;6738;3;6;0;-1;0
1507;Imperial Vizier Zor'lok;1009;0;-2500;6741;6;6;0;-1;0
1559;Iron Qon;1098;0;0;7329;0;7;646675;-1;0
1560;Twin Empyreans;1098;0;1000;7502;1;7;133886;-1;0
1563;Galleon;870;0;0;0;0;8;0;-1;0
1564;Sha of Anger;870;0;1000;0;1;8;0;-1;0
1565;Tortos;1098;0;-1000;7507;2;6;0;-1;0
1570;Council of Elders;1098;0;-1500;7543;3;6;0;-1;0
1571;Nalak;870;0;2000;0;2;8;0;-1;0
1572;Durumu the Forgotten;1098;0;-250;7563;4;6;0;-1;0
1573;Ji-Kun;1098;0;-500;7565;5;6;0;-1;0
1574;Primordius;1098;0;-125;7571;6;6;0;-1;0
1575;Horridon;1098;0;-2000;7570;7;6;0;-1;0
1576;Dark Animus;1098;0;-62;7582;8;6;0;-1;0
1577;Jin'rokh the Breaker;1098;0;-3000;7575;9;6;0;-1;0
1578;Megaera;1098;0;-750;7577;10;6;0;-1;0
1579;Lei Shen;1098;0;2000;7603;11;6;0;-1;0
1580;Ra-den;1098;5;3000;7605;12;38;0;-1;0
1581;Ra-den;1098;6;3000;7605;12;38;0;-1;0
1587;Oondasta;870;0;3000;0;3;8;0;-1;0
1593;Paragons of the Klaxxi;1136;0;3500;8109;0;6;897697;-1;0
1594;Spoils of Pandaria;1136;0;1500;8202;1;6;897406;-1;0
1595;Malkorok;1136;0;1000;8225;2;6;897029;-1;0
1598;Fallen Protectors;1136;0;-2000;8253;3;6;897027;-1;0
1599;Thok the Bloodthirsty;1136;0;2000;8258;4;6;896625;-1;0
1600;Iron Juggernaut;1136;0;-1500;8260;5;6;896624;-1;0
1601;Siegecrafter Blackfuse;1136;0;3000;8236;6;6;897633;-1;0
1602;Immerseus;1136;0;-3000;8268;7;6;896623;-1;0
1603;General Nazgrim;1136;0;-1250;8272;8;6;897144;-1;0
1604;Sha of Pride;1136;0;-1750;8276;9;6;651086;-1;0
1605;Omar's Test Encounter (Cosmetic only) DNT;1136;0;4000;6215;10;16;0;-1;0
1606;Kor'kron Dark Shaman;1136;0;-1375;8285;11;6;897028;-1;0
1622;Galakras;1136;0;-1625;8415;12;6;896665;-1;0
1623;Garrosh Hellscream;1136;0;3750;8356;13;6;896622;-1;0
1624;Norushen;1136;0;-1875;8299;14;6;897064;-1;0
1652;Roltall;1175;0;0;8565;0;4;0;-1;0
1653;Slave Watcher Crushto;1175;0;-1000;8563;1;4;0;-1;0
1654;Gug'rokk;1175;0;1000;8566;2;4;0;-1;0
1655;Magmolatus;1175;0;-2000;8586;3;4;0;-1;0
1656;Hunter Bonetusk;47;1;250;8592;6;0;0;-1;0
1659;Warlord Ramtusk;47;1;500;8595;7;0;0;-1;0
1660;Groyat, the Blind Hunter;47;1;625;8620;8;0;0;-1;0
1661;Charlga Razorflank;47;1;687;8597;9;0;0;-1;0
1662;Aaurx;129;1;4000;8622;4;0;0;-1;0
1663;Mordresh Fire Eye;129;1;5000;8623;5;0;0;-1;0
1664;Mushlump;129;1;6000;8624;6;0;0;-1;0
1665;Death Speaker Blackthorn;129;1;7000;8625;7;0;0;-1;0
1666;Amnennar the Coldbringer;129;1;8000;8626;8;0;0;-1;0
1667;Ghamoo-ra;48;1;-500;4617;4;4;0;-1;0
1668;Domina;48;1;500;8615;8;4;0;-1;0
1669;Subjugator Kor'ul;48;1;750;8614;9;4;0;-1;0
1670;Executioner Gore;48;1;875;4623;10;4;0;-1;0
1671;Twilight Lord Bathiel;48;1;937;4623;11;4;0;-1;0
1672;Aku'mai;48;1;968;4624;12;4;0;-1;0
1675;Thruk;48;1;812;8653;0;4;0;-1;0
1676;Guardian of the Deep;48;1;843;8655;1;4;0;-1;0
1677;Sadana Bloodfury;1176;0;0;8661;0;4;0;-1;0
1678;Azzakel, Vanguard of the Legion;1182;0;0;8665;0;4;0;-1;0
1679;Bonemaw;1176;0;1000;8678;1;4;0;-1;0
1682;Ner'zhul;1176;0;2000;8691;2;4;0;-1;0
1685;Soulbinder Nyami;1182;0;-1000;8667;1;4;0;-1;0
1686;Vigilant Kaathar;1182;0;-2000;8669;2;4;0;-1;0
1688;Nhallish;1176;0;500;8705;3;4;0;-1;0
1689;Flamebender Ka'graz;1205;0;3250;8720;0;6;0;-1;0
1690;Blast Furnace;1205;0;3812;8724;1;6;0;-1;0
1691;Gruul;1205;0;-1000;8731;2;6;236412;-1;0
1692;Operator Thogar;1205;0;3750;8733;3;6;0;-1;0
1693;Hans'gar & Franzok;1205;0;3000;8738;4;6;0;-1;0
1694;Beastlord Darmac;1205;0;3125;8746;5;6;1004898;-1;0
1695;The Iron Maidens;1205;0;4000;8755;6;6;0;-1;0
1696;Oregorger the Devourer;1205;0;-2000;8761;7;6;1003743;-1;0
1698;Ranjit;1209;0;0;0;0;4;0;-1;0
1699;Araknath;1209;0;1000;0;1;4;0;-1;0
1700;Rukhran;1209;0;2000;0;2;4;0;-1;0
1701;High Sage Viryx;1209;0;3000;0;3;4;0;-1;0
1704;Blackhand;1205;0;5000;8874;8;7;0;-1;0
1705;Imperator Mar'gok;1228;0;0;8800;0;7;1030796;-1;0
1706;The Butcher;1228;0;-1000;8806;1;6;1006454;-1;0
1713;Kromog, Legend of the Mountain;1205;0;3875;8831;9;6;0;-1;0
1714;Teron'gor;1182;0;1000;8843;3;4;0;-1;0
1715;Rocketspark and Borka;1208;0;0;8848;0;4;0;-1;0
1719;Twin Ogron;1228;0;-500;8866;2;6;1019377;-1;0
1720;Brackenspore;1228;0;-625;8884;3;6;1019378;-1;0
1721;Kargath Bladefist;1228;0;-2000;8903;4;6;1005701;-1;0
1722;Tectus, The Living Mountain;1228;0;-562;8923;5;6;1006111;-1;0
1723;Ko'ragh;1228;0;-250;8930;6;6;841221;-1;0
1732;Nitrogg Thundertower;1208;0;1000;8948;1;4;0;-1;0
1736;Skylord Tovra;1208;0;2000;9038;2;4;0;-1;0
1745;Ashran;1191;0;0;0;0;16;0;-1;0
1746;Witherbark;1279;0;0;9175;0;4;0;-1;0
1747;Ken's Test Encounter [DNT];605;0;0;0;0;0;0;-1;0
1748;Grimrail Enforcers;1195;0;0;9219;0;4;0;-1;0
1749;Fleshrender Nok'gar;1195;0;-1000;9233;1;4;0;-1;0
1750;Oshir;1195;0;1000;9235;2;4;0;-1;0
1751;Archmage Sol;1279;0;1000;9297;1;4;0;-1;0
1752;Xeri'tac;1279;0;2000;9298;2;4;0;-1;0
1754;Skulloc, Son of Gruul;1195;0;2000;9341;3;4;0;-1;0
1755;Rukhmar, Sun-God of the Arakkoa;1116;0;0;0;0;8;0;-1;0
1756;Yalnu;1279;0;3000;9354;3;4;0;-1;0
1757;Ancient Protectors;1279;0;500;9356;4;4;0;-1;0
1758;Kyrak;1358;0;0;9020;0;4;0;-1;0
1759;Commander Tharbek;1358;0;1000;9060;1;4;0;-1;0
1760;Ragewing the Untamed;1358;0;2000;8703;2;4;0;-1;0
1761;Orebender Gor'ashan;1358;0;-1000;8699;3;4;0;-1;0
1762;Warlord Zaela;1358;0;3000;9373;4;4;0;-1;0
1770;Tarlna the Ageless;1116;0;1000;0;1;8;0;-1;0
1777;Fel Lord Zakuun;1448;0;2250;10004;0;6;1113433;-1;0
1778;Hellfire Assault;1448;0;-1000;10010;1;6;0;-1;0
1783;Gorefiend;1448;0;1000;10039;2;6;1113437;-1;0
1784;Tyrant Velhari;1448;0;4500;10041;3;6;1113430;-1;0
1785;Iron Reaver;1448;0;-500;10043;4;6;0;-1;0
1786;Kilrogg Deadeye;1448;0;-250;10048;5;6;970886;-1;0
1787;Kormrok;1448;0;-375;10051;6;6;1113434;-1;0
1788;Shadow-Lord Iskar;1448;0;1500;10060;7;6;0;-1;0
1790;Rokmora;1458;0;0;10092;0;4;0;-1;0
1791;Ularogg Cragshaper;1458;0;500;10094;1;4;0;-1;0
1792;Naraxas;1458;0;750;10097;2;4;0;-1;0
1793;Dargrul the Underking;1458;0;875;10099;3;4;0;-1;0
1794;Socrethar the Eternal;1448;0;1875;10101;8;6;1113441;-1;0
1795;Mannoroth;1448;0;5000;10141;9;6;1113439;-1;0
1798;Hellfire High Council;1448;0;-312;10177;10;6;970886;-1;0
1799;Archimonde;1448;0;6000;10179;11;7;1113431;-1;0
1800;Xhul'horac;1448;0;3125;10208;12;6;1113442;-1;0
1801;Supreme Lord Kazzak;1116;0;2000;0;2;8;0;-1;0
1805;Hymdall;1477;0;0;10335;0;4;0;-1;0
1806;Hyrja;1477;0;1000;10365;1;0;0;-1;0
1807;Fenryr;1477;0;2000;10367;2;0;0;-1;0
1808;God-King Skovald;1477;0;3000;10369;3;0;0;-1;0
1809;Odyn;1477;0;4000;10371;4;4;0;-1;0
1810;Warlord Parjesh;1456;0;0;10382;0;4;0;-1;0
1811;Lady Hatecoil;1456;0;1000;10384;1;4;0;-1;0
1812;King Deepbeard;1456;0;2000;10388;2;4;0;-1;0
1813;Serpentrix;1456;0;3000;10386;3;4;0;-1;0
1814;Wrath of Azshara;1456;0;4000;10390;4;4;0;-1;0
1815;Tirathon Saltheril;1493;0;0;10392;0;4;0;-1;0
1816;Ash'Golm;1493;0;1000;10397;1;4;0;-1;0
1817;Glazer;1493;0;2000;10398;2;4;0;-1;0
1818;Cordana Felsong;1493;0;3000;10401;3;4;0;-1;0
1822;Ymiron, the Fallen King;1492;0;0;10479;0;4;0;-1;0
1823;Harbaron;1492;0;1000;10482;1;4;0;-1;0
1824;Helya;1492;0;2000;10484;2;4;0;-1;0
1825;Corstilax;1516;0;0;10562;0;4;0;-1;0
1826;Nal'tira;1516;0;1000;10566;1;4;0;-1;0
1827;Ivanyr;1516;0;2000;10563;2;4;0;-1;0
1828;General Xakal;1516;0;3000;10564;3;4;0;-1;0
1829;Advisor Vandros;1516;0;4000;10565;4;4;0;-1;0
1832;Amalgam of Souls;1501;0;0;10580;0;4;0;-1;0
1833;Ilysanna Ravencrest;1501;0;1000;10582;1;4;0;-1;0
1834;Smashspite the Hateful;1501;0;2000;10584;2;4;0;-1;0
1835;Lord Kur'talos Ravencrest;1501;0;3000;10586;3;4;0;-1;0
1836;Archdruid Glaidalis;1466;0;0;10381;0;0;0;-1;0
1837;Oakheart;1466;0;1000;10592;1;0;0;-1;0
1838;Dresaron;1466;0;2000;10593;2;0;0;-1;0
1839;Shade of Xavius;1466;0;3000;10594;3;0;0;-1;0
1841;Ursoc;1520;0;0;10640;0;6;1413870;-1;0
1842;Krosus;1530;0;1875;10668;0;6;0;-1;0
1845;Shivermaw;1544;0;0;10707;0;4;0;-1;0
1846;Mindflayer Kaahrj;1544;0;1000;10713;1;4;0;-1;0
1847;Millificent Manastorm;1544;0;2000;10718;2;4;0;-1;0
1848;Festerface;1544;0;3000;10721;3;4;0;-1;0
1849;Skorpyron;1530;0;-1000;10728;1;6;0;-1;0
1850;Inquisitor Tormentorum;1493;0;500;10730;4;4;0;-1;0
1851;Sael'orn;1544;0;4000;10737;4;4;0;-1;0
1852;Anub'esset;1544;0;5000;10742;5;4;0;-1;0
1853;Nythendra;1520;0;-1000;10758;1;6;1413869;-1;0
1854;Dragons of Nightmare;1520;0;2000;10762;2;6;1413866;-1;0
1855;Blood-Princess Thal'ena;1544;0;6000;10767;6;4;0;-1;0
1856;Fel Lord Betrug;1544;0;7000;10771;7;4;0;-1;0
1862;Tichondrius;1530;0;1000;10906;2;6;0;-1;0
1863;Star Augur Etraeus;1530;0;2000;11101;3;6;0;-1;0
1864;Xavius;1520;0;6000;10922;3;7;1413871;-1;0
1865;Chronomatic Anomaly;1530;0;-500;10953;4;6;0;-1;0
1866;Gul'dan;1530;0;3000;11037;5;6;0;-1;0
1867;Trilliax;1530;0;-250;11083;6;6;0;-1;0
1868;Patrol Captain Gerdo;1571;0;0;11089;0;4;0;-1;0
1869;Talixae Flamewreath;1571;0;1000;11091;1;4;0;-1;0
1870;Advisor Melandrus;1571;0;2000;11093;2;4;0;-1;0
1871;Spellblade Aluriel;1530;0;-125;11377;7;6;0;-1;0
1872;Grand Magistrix Elisande;1530;0;2500;11442;8;6;0;-1;0
1873;Il'gynoth, The Heart of Corruption;1520;0;1500;11476;4;6;1413868;-1;0
1874;Raid Boss Dummy (5min);1457;0;0;0;0;0;0;-1;0
1875;Raid Boss Dummy (10min);1457;0;1000;0;1;0;0;-1;0
1876;Elerethe Renferal;1520;0;4000;11502;5;6;1413867;-1;0
1877;Cenarius;1520;0;5000;11498;6;6;1413865;-1;0
1879;The Soultakers;1220;0;0;0;0;8;0;-1;0
1880;Nithogg;1220;0;1000;0;1;8;0;-1;0
1881;Echo of Baine;938;0;1000;6072;0;4;0;-1;0
1882;Echo of Sylvanas;938;0;5000;6072;3;4;0;-1;0
1883;Echo of Jaina;938;0;6000;6073;2;4;0;-1;0
1884;Echo of Tyrande;938;0;7000;6073;5;4;0;-1;0
1885;Postmaster Malown;329;0;1500;11875;13;4;0;-1;0
1886;High Botanist Tel'arn;1530;0;1750;11887;9;6;0;-1;0
1887;Obsidian Sentinel;70;1;8000;4761;3;4;0;-1;0
1888;Shar'thos;1220;0;2000;0;2;8;0;-1;0
1889;Exarch Maladaar;558;0;0;2702;0;4;0;-1;0
1890;Shirrak the Dead Watcher;558;0;1000;4603;1;4;0;-1;0
1891;Omor the Unscarred;543;0;0;4699;0;4;0;-1;0
1892;Vazruden the Herald;543;0;1000;4700;1;4;0;-1;0
1893;Watchkeeper Gargolmar;543;0;2000;4698;2;4;0;-1;0
1894;Kael'thas Sunstrider;585;0;1000;4702;0;4;0;-1;0
1895;Priestess Delrissa;585;0;3000;3450;1;4;0;-1;0
1897;Selin Fireheart;585;0;4000;3448;2;4;0;-1;0
1898;Vexallus;585;0;5000;3449;3;4;0;-1;0
1899;Nexus-Prince Shaffar;557;0;0;4606;0;4;0;-1;0
1900;Pandemonius;557;0;1000;4604;1;4;0;-1;0
1901;Tavarok;557;0;2000;4605;2;4;0;-1;0
1902;Talon King Ikiss;556;0;0;2818;0;4;0;-1;0
1903;Darkweaver Syth;556;0;1000;4608;1;4;0;-1;0
1904;Anzu;556;0;2000;3022;2;4;0;-1;0
1905;Lieutenant Drake;560;0;0;4659;0;4;0;-1;0
1906;Epoch Hunter;560;0;1000;4660;1;4;0;-1;0
1907;Captain Skarloc;560;0;2000;2711;2;4;0;-1;0
1908;Ambassador Hellmaw;555;0;0;4609;0;4;0;-1;0
1909;Blackheart the Inciter;555;0;1000;2802;1;4;0;-1;0
1910;Murmur;555;0;2000;4610;2;4;0;-1;0
1911;Grandmaster Vorpil;555;0;3000;2803;3;4;0;-1;0
1913;Dalliah the Doomsayer;552;0;0;4742;0;4;0;-1;0
1914;Harbinger Skyriss;552;0;1000;4744;1;4;0;-1;0
1915;Wrath-Scryer Soccothrates;552;0;2000;4743;2;4;0;-1;0
1916;Zereketh the Unbound;552;0;3000;4741;3;4;0;-1;0
1917;Humongris;1220;0;3000;0;3;8;0;-1;0
1918;Timed Damage Dummy;1148;0;0;0;0;0;0;-1;0
1919;Aeonus;269;0;0;2819;0;4;0;-1;0
1920;Chrono Lord Deja;269;0;1000;2820;1;4;0;-1;0
1921;Temporus;269;0;2000;2821;2;4;0;-1;0
1922;The Maker;542;0;0;2400;0;4;0;-1;0
1923;Keli'dan the Breaker;542;0;1000;2403;1;4;0;-1;0
1924;Broggok;542;0;2000;4854;2;4;0;-1;0
1925;Commander Sarannis;553;0;0;4745;0;4;0;-1;0
1926;High Botanist Freywinn;553;0;1000;4746;1;4;0;-1;0
1927;Laj;553;0;2000;4748;2;4;0;-1;0
1928;Thorngrin the Tender;553;0;3000;4747;3;4;0;-1;0
1929;Warp Splinter;553;0;4000;4749;4;4;0;-1;0
1930;Nethermancer Sepethrea;554;0;0;4751;0;4;0;-1;0
1931;Pathaleon the Calculator;554;0;1000;4752;1;4;0;-1;0
1932;Mechano-Lord Capacitus;554;0;2000;4750;2;4;0;-1;0
1933;Gatewatcher Gyro-Kill;554;0;3000;12051;3;4;0;-1;0
1934;Gatewatcher Iron-Hand;554;0;4000;12053;4;4;0;-1;0
1935;Blood Guard Porung;540;0;0;4701;0;4;0;-1;0
1936;Grand Warlock Nethekurse;540;0;1000;2804;1;4;0;-1;0
1937;Warbringer O'mrogg;540;0;2000;2844;2;4;0;-1;0
1938;Warchief Kargath Bladefist;540;0;3000;2907;3;4;0;-1;0
1939;Mennu the Betrayer;547;0;0;4661;0;4;0;-1;0
1940;Quagmirran;547;0;1000;2532;1;4;0;-1;0
1941;Rokmar the Crackler;547;0;2000;4662;2;4;0;-1;0
1942;Hydromancer Thespia;545;0;0;4663;0;4;0;-1;0
1943;Mekgineer Steamrigger;545;0;1000;4664;1;4;0;-1;0
1944;Warlord Kalithresh;545;0;2000;4665;2;4;0;-1;0
1945;Ghaz'an;546;0;0;4667;0;4;0;-1;0
1946;Hungarfen;546;0;1000;4666;1;4;0;-1;0
1947;Swamplord Musel'ek;546;0;2000;2448;2;4;0;-1;0
1948;The Black Stalker;546;0;3000;4668;3;4;0;-1;0
1949;Drugon the Frostblood;1220;0;8000;0;4;8;0;-1;0
1950;Na'zak the Fiend;1220;0;4000;0;5;8;0;-1;0
1951;Flotsam;1220;0;5000;0;6;8;0;-1;0
1952;Calamir;1220;0;6000;0;7;8;0;-1;0
1953;Levantus;1220;0;7000;0;8;8;0;-1;0
1954;Maiden of Virtue;1651;0;-1000;12521;0;4;0;-1;0
1957;Opera Hall;1651;0;-3000;12534;1;4;0;-1;0
1958;Odyn;1648;0;-2000;12546;0;6;0;-1;0
1959;Mana Devourer;1651;0;7000;12548;2;4;0;-1;0
1960;Attumen the Huntsman;1651;0;-250;12542;3;4;0;-1;0
1961;Moroes;1651;0;-500;12554;4;4;0;-1;0
1962;Guarm;1648;0;-1000;12556;1;6;0;-1;0
1964;The Curator;1651;0;0;12560;5;4;0;-1;0
1965;Shade of Medivh;1651;0;6000;12566;8;4;0;-1;0
1966;Prince Taldaram;619;0;0;3870;0;4;0;-1;0
1967;Jedoga Shadowseeker;619;0;1000;4612;1;4;0;-1;0
1968;Herald Volazj;619;0;5000;4613;2;4;0;-1;0
1969;Elder Nadox;619;0;-1000;4611;3;4;0;-1;0
1971;Krik'thir the Gatewatcher;601;0;0;3874;0;4;0;-1;0
1972;Hadronox;601;0;1000;4615;1;4;0;-1;0
1973;Anub'arak;601;0;2000;4616;2;4;0;-1;0
1974;Trollgore;600;0;0;4684;0;4;0;-1;0
1975;The Prophet Tharon'ja;600;0;4000;4687;1;4;0;-1;0
1976;Novos the Summoner;600;0;2000;4685;2;4;0;-1;0
1977;King Dred;600;0;3000;4686;3;4;0;-1;0
1978;Slad'ran;604;0;0;3852;0;4;0;-1;0
1980;Moorabi;604;0;1000;3851;1;4;0;-1;0
1981;Gal'darah;604;0;4000;3850;2;4;0;-1;0
1983;Drakkari Colossus;604;0;500;3853;4;4;0;-1;0
1984;Ionar;602;0;0;3865;0;4;0;-1;0
1985;Volkhan;602;0;-500;3864;1;4;0;-1;0
1986;Loken;602;0;2000;3866;2;4;0;-1;0
1987;General Bjarngrim;602;0;-1000;3863;3;4;0;-1;0
1988;Eck the Ferocious;604;2;3500;3854;5;4;0;-1;0
1989;Amanitar;619;2;4500;4614;5;4;0;-1;0
1990;Escaped from Arthas;668;0;1000;4948;0;4;0;-1;0
1992;Falric;668;0;0;4897;1;4;0;-1;0
1993;Marwyn;668;0;500;4898;2;4;0;-1;0
1994;Krystallus;599;0;0;4768;0;4;0;-1;0
1995;Tribunal of Ages;599;0;2000;3861;1;4;0;-1;0
1996;Maiden of Grief;599;0;1000;4769;2;4;0;-1;0
1998;Sjonnir the Ironshaper;599;0;5000;4770;3;4;0;-1;0
1999;Forgemaster Garfrost;658;0;0;0;0;4;0;-1;0
2000;Scourgelord Tyrannus;658;0;1000;0;1;4;0;-1;0
2001;Ick and Krick;658;0;500;0;2;4;0;-1;0
2002;Meathook;595;0;0;4688;0;4;0;-1;0
2003;Chrono-Lord Epoch;595;0;1000;4690;1;4;0;-1;0
2004;Salram the Fleshcrafter;595;0;2000;4689;2;4;0;-1;0
2005;Mal'ganis;595;0;3000;4691;3;4;0;-1;0
2006;Bronjahm;632;0;0;4859;0;4;0;-1;0
2007;Devourer of Souls;632;0;1000;4424;1;4;0;-1;0
2008;Helya;1648;0;0;12597;2;6;0;-1;0
2009;Anomalus;576;0;0;3692;0;4;0;-1;0
2010;Grand Magus Telestra;576;0;1000;3691;1;4;0;-1;0
2011;Keristrasza;576;0;2000;3694;2;4;0;-1;0
2012;Ormorok the Tree-Shaper;576;0;3000;3693;3;4;0;-1;0
2013;Ley-Guardian Eregos;578;0;0;3873;0;4;0;-1;0
2014;Mage-Lord Urom;578;0;1000;3872;1;4;0;-1;0
2015;Varos Cloudstrider;578;0;2000;3871;2;4;0;-1;0
2016;Drakos the Interrogator;578;0;3000;3869;3;4;0;-1;0
2017;Viz'aduum the Watcher;1651;0;8000;12613;6;4;0;-1;0
2018;Second Prisoner;608;0;0;3833;0;4;0;-1;0
2019;First Prisoner;608;0;1000;3828;1;4;0;-1;0
2020;Cyanigosa;608;0;2000;3836;2;4;0;-1;0
2021;The Black Knight;650;0;3000;4363;0;4;0;-1;0
2022;Grand Champions;650;0;-1000;4361;1;4;0;-1;0
2023;Argent Champion;650;0;2000;4362;2;4;0;-1;0
2024;Skarvold & Dalronn;574;0;0;4772;0;4;0;-1;0
2025;Ingvar the Plunderer;574;0;1000;4771;1;4;0;-1;0
2026;Prince Keleseth;574;0;-1000;4773;2;4;0;-1;0
2027;Gortok Palehoof;575;0;0;4775;0;4;0;-1;0
2028;King Ymiron;575;0;1000;3808;1;4;0;-1;0
2029;Skadi the Ruthless;575;0;500;3809;2;4;0;-1;0
2030;Svala Sorrowgrave;575;0;-1000;4774;3;4;0;-1;0
2031;Nightbane;1651;0;9000;12670;7;68;0;-1;0
2032;Goroth;1676;0;0;12773;0;6;0;-1;0
2036;Harjatan;1676;0;1000;12815;1;6;0;-1;0
2037;Mistress Sassz'ine;1676;0;2000;12861;2;6;236422;-1;0
2038;Fallen Avatar;1676;0;3000;12863;3;6;1546417;-1;0
2039;Mephistroth;1677;0;0;12865;0;4;0;-1;0
2048;Demonic Inquisition;1676;0;500;12996;4;6;0;-1;0
2049;Primal Rage of Frost;1689;0;0;13019;0;8;893779;-1;0
2050;Sisters of the Moon;1676;0;1500;13026;5;6;0;-1;0
2051;Kil'jaeden;1676;0;5000;12967;6;6;0;-1;0
2052;Maiden of Vigilance;1676;0;2875;13123;7;6;0;-1;0
2053;Domatrax;1677;0;1000;13131;1;4;0;-1;0
2054;The Desolate Host;1676;0;2500;13139;8;6;1546416;-1;0
2055;Agronox;1677;0;-1000;13121;2;4;0;-1;0
2057;Thrashbite the Scornful;1677;0;-500;13122;3;4;0;-1;0
2059;Fury of the God Queen;1703;0;0;0;0;64;0;-1;0
2063;Aggramar;1712;0;3000;13507;0;6;0;-1;0
2064;Portal Keeper Hasabel;1712;0;-1000;13517;1;6;0;-1;0
2065;Zuraal the Ascended;1753;0;0;0;0;4;0;-1;0
2066;Saprish;1753;0;1000;0;1;4;0;-1;0
2067;Viceroy Nezhar;1753;0;2000;0;2;4;0;-1;0
2068;L'ura;1753;0;3000;0;3;4;0;-1;0
2069;Varimathras;1712;0;1750;13536;2;6;0;-1;0
2070;Antoran High Command;1712;0;-500;13553;3;6;0;-1;0
2073;The Coven of Shivarra;1712;0;2000;13593;4;6;0;-1;0
2074;Felhounds of Sargeras;1712;0;-2000;13560;5;6;0;-1;0
2075;The Defense of Eonar;1712;0;-250;13565;6;6;0;-1;0
2076;Garothi Worldbreaker;1712;0;-3000;13571;7;6;0;-1;0
2079;Keeper Aedis;1669;0;0;0;0;8;0;-1;0
2080;Void-Blade Zedaat;1669;0;1000;0;1;8;0;-1;0
2081;Matron Folnuna;1669;0;2000;0;2;8;0;-1;0
2082;Imonar the Soulhunter;1712;0;375;13788;8;6;0;-1;0
2083;Mistress Alluradel;1669;0;3000;0;3;8;0;-1;0
2084;Priestess Alun'za;1763;0;0;13812;0;0;0;-1;0
2085;Vol'kaal;1763;0;1000;13814;1;0;0;-1;0
2086;Rezan;1763;0;2000;13816;2;0;0;-1;0
2087;Yazma;1763;0;3000;13818;3;4;0;-1;0
2088;Kin'garoth;1712;0;1500;13576;9;6;0;-1;0
2092;Argus the Unmaker;1712;0;4000;14017;10;7;0;-1;0
2093;Skycap'n Kragg;1754;0;0;14137;0;0;0;-1;0
2094;Council o' Captains;1754;0;1000;14139;1;4;0;-1;0
2095;Ring of Booty;1754;0;2000;14141;2;4;0;-1;0
2096;Lord Harlan Sweete;1754;0;3000;14143;3;4;0;-1;0
2097;Sergeant Bainbridge;1822;0;0;14405;0;4;0;-1;0
2098;Chopper Redhook;1822;0;1000;14403;1;0;0;-1;0
2099;Hadal Darkfathom;1822;0;2000;14406;2;0;0;-1;0
2100;Viq'Goth;1822;0;3000;14408;3;4;0;-1;0
2101;The Sand Queen;1771;0;0;14419;0;4;0;-1;0
2102;Jes Howlis;1771;0;1000;14421;1;4;0;-1;0
2103;Knight Captain Valyri;1771;0;2000;14423;2;4;0;-1;0
2104;Overseer Korgus;1771;0;3000;14425;3;4;0;-1;0
2105;Coin-Operated Crowd Pummeler;1594;0;0;14432;0;4;0;-1;0
2106;Azerokk;1594;0;1000;14435;1;4;0;-1;0
2107;Rixxa Fluxfume;1594;0;2000;14437;2;4;0;-1;0
2108;Mogul Razdunk;1594;0;3000;14439;3;4;0;-1;0
2109;Dread Captain Lockwood;1822;0;1500;14441;4;0;0;-1;0
2111;Elder Leaxa;1841;0;0;14522;0;4;0;-1;0
2112;Sporecaller Zancha;1841;0;1000;14554;1;4;0;-1;0
2113;Heartsbane Triad;1862;0;0;14549;0;4;0;-1;0
2114;Soulbound Goliath;1862;0;1000;14553;1;4;0;-1;0
2115;Raal the Gluttonous;1862;0;2000;14557;2;4;0;-1;0
2116;Lord and Lady Waycrest;1862;0;3000;14560;3;4;0;-1;0
2117;Gorak Tul;1862;0;4000;14563;4;4;0;-1;0
2118;Cragmaw the Infested;1841;0;500;14597;2;4;0;-1;0
2121;T'zane;1642;0;0;0;0;8;0;-1;0
2122;G'huun;1861;0;0;14696;0;6;0;-1;0
2123;Unbound Abomination;1841;0;2000;14694;3;4;0;-1;0
2124;Adderis and Aspix;1877;0;0;14715;0;4;0;-1;0
2125;Merektha;1877;0;1000;14718;1;4;0;-1;0
2126;Galvazzt;1877;0;2000;14721;2;4;0;-1;0
2127;Avatar of Sethraliss;1877;0;3000;14724;3;4;0;-1;0
2128;Fetid Devourer;1861;0;-1000;14736;1;6;0;-1;0
2129;Gekkan;994;0;0;6558;0;0;0;-1;0
2130;Aqu'sirr;1864;0;0;14861;0;4;0;-1;0
2131;Tidesage Council;1864;0;1000;14862;1;4;0;-1;0
2132;Lord Stormsong;1864;0;2000;14864;2;4;0;-1;0
2133;Vol'zith the Whisperer;1864;0;3000;14866;3;4;0;-1;0
2134;Vectis;1861;0;-500;14892;2;6;0;-1;0
2135;Mythrax;1861;0;-250;14894;3;6;0;-1;0
2136;Zek'voz;1861;0;-1500;14895;4;6;254116;-1;0
2139;The Golden Serpent;1762;0;0;14931;0;4;0;-1;0
2140;The Council of Tribes;1762;0;1000;15039;1;4;0;-1;0
2141;MOTHER;1861;0;-2000;15059;5;6;254116;-1;0
2142;Mchimba the Embalmer;1762;0;500;15062;2;4;0;-1;0
2143;King Dazar;1762;0;2000;15168;3;4;0;-1;0
2144;Taloc;1861;0;-3000;15170;6;6;254116;-1;0
2145;Zul;1861;0;-312;15205;7;6;0;-1;0
2146;Raid Boss Dummy (30 Sec);1457;0;2000;0;2;0;0;-1;0
2147;Warbringer Yenajz;1643;0;0;0;0;8;0;-1;0
2148;Hailstone Construct;1643;0;1000;0;1;8;0;-1;0
2149;Ji'arak;1642;0;1000;0;1;8;0;-1;0
2252;The Lion's Roar;529;0;0;0;0;8;0;-1;0
2253;Doom's Howl;529;0;1000;0;1;8;0;-1;0
2254;Raid Boss Dummy (5min);1457;0;3000;0;3;0;0;-1;0
2257;Tussle Tonks;2097;0;1750;16217;0;4;0;-1;0
2258;K.U.-J.0.;2097;0;1875;16219;1;4;0;-1;0
2259;Machinist's Garden;2097;0;2000;16221;2;4;0;-1;0
2260;King Mechagon;2097;0;3000;16223;3;4;0;-1;0
2263;Grong;2070;0;-1750;16563;1;6;0;0;0
2265;Champion of the Light;2070;0;-2000;16560;3;6;0;-1;0
2266;Jadefire Masters;2070;0;-1437;16562;4;6;0;0;0
2268;Conclave of the Chosen;2070;0;-1062;16310;6;6;0;-1;0
2269;The Restless Cabal;2096;0;0;16316;0;6;0;-1;0
2271;Opulence;2070;0;-1125;16433;8;6;0;-1;0
2272;King Rastakhan;2070;0;-1031;16475;9;7;0;-1;0
2273;Uu'nat, Harbinger of the Void;2096;0;1000;16542;1;6;0;-1;0
2276;Mekkatorque;2070;0;-1015;16567;12;6;0;-1;0
2280;Stormwall Blockade;2070;0;-1007;16568;16;6;0;-1;0
2281;Lady Jaina Proudmoore;2070;0;-1003;16569;17;7;0;-1;0
2284;Grong the Revenant;2070;0;-1281;16563;0;6;0;1;0
2285;Jadefire Masters;2070;0;-1359;16562;2;6;0;1;0
2289;Blackwater Behemoth;2164;0;0;17142;0;4;0;-1;0
2290;King Gobbamak;2097;0;-1000;17145;4;4;0;-1;0
2291;HK-8 Aerial Oppression Unit;2097;0;1500;17161;5;4;0;-1;0
2292;Gunker;2097;0;-500;17163;6;4;0;-1;0
2293;Za'qul;2164;0;1000;17182;1;6;0;-1;0
2298;Abyssal Commander Sivara;2164;0;-1000;17305;2;4;0;-1;0
2299;Queen Azshara;2164;0;2000;17306;3;5;0;-1;0
2303;Orgozoa;2164;0;750;17342;4;4;0;-1;0
2304;Lady Ashvane;2164;0;500;17371;5;6;0;-1;0
2305;Radiance of Azshara;2164;0;-250;17399;6;4;0;-1;0
2311;The Queen's Court;2164;0;875;17451;7;4;0;-1;0
2312;Trixie & Naeno;2097;0;500;17680;7;4;0;-1;0
2317;Ulmath, the Soulbinder;1718;0;0;0;0;0;0;-1;0
2318;Wekemara;1718;0;1000;0;1;0;0;-1;0
2319;Memories of Azeroth: Burning Crusade;2235;0;0;18048;0;4;0;-1;0
2320;Memories of Azeroth: Cataclysm;2235;0;1000;18047;1;4;0;-1;0
2321;Memories of Azeroth: Wrath of the Lich King;2235;0;500;18046;2;4;0;-1;0
2325;Tunk;2236;0;-1000;18064;0;0;0;-1;0
2326;Kalecgos;2236;0;0;18066;1;0;0;-1;0
2327;Maut;2217;0;0;18071;0;6;0;-1;0
2328;Dark Inquisitor Xanesh;2217;0;1000;18073;1;6;0;-1;0
2329;Wrathion;2217;0;-1000;18083;2;6;0;-1;0
2331;Ra-den the Despoiled;2217;0;5000;18085;3;6;0;-1;0
2332;Thrall the Corrupted;2212;0;0;18015;0;0;0;-1;0
2333;The Hivemind;2217;0;3000;18117;4;6;0;-1;0
2334;Prophet Skitra;2217;0;-500;18116;5;6;0;-1;0
2335;Shad'har the Insatiable;2217;0;5500;18123;6;4;0;-1;0
2336;Vexiona;2217;0;2000;18130;7;6;0;-1;0
2337;Carapace of N'Zoth;2217;0;6000;18147;8;6;0;-1;0
2338;Alleria Windrunner;2213;0;0;18015;0;0;0;-1;0
2343;Drest'agath;2217;0;5750;18179;9;6;0;-1;0
2344;N'Zoth the Corruptor;2217;0;7000;18211;10;4;0;-1;0
2345;Il'gynoth, Corruption Reborn;2217;0;5875;18224;11;6;0;-1;0
2351;Grand Empress Shek'zara;870;0;4000;0;4;0;0;-1;0
2352;Tashara;870;0;5000;0;5;0;0;-1;0
2353;Vuk'laz the Earthbreaker;1;0;0;0;0;8;0;-1;0
2356;Ventunax;2285;0;1500;18606;0;4;0;-1;0
2357;Kin-Tara;2285;0;1000;18607;1;4;0;-1;0
2358;Oryphrion;2285;0;2000;18608;2;4;0;-1;0
2359;Devos, Paragon of Loyalty;2285;0;3000;18609;3;4;0;-1;0
2360;Kryxis the Voracious;2284;0;0;18629;0;4;0;-1;0
2361;Executor Tarvold;2284;0;1000;18628;1;4;0;-1;0
2362;Grand Proctor Beryllia;2284;0;2000;18627;2;4;0;-1;0
2363;General Kaal;2284;0;3000;18630;3;4;0;-1;0
2364;Kul'tharok;2293;0;0;18652;0;4;0;-1;0
2365;Gorechop;2293;0;1000;18654;1;4;0;-1;0
2366;Xav the Unfallen;2293;0;2000;18656;2;4;0;-1;0
2370;Rexxar;2212;0;5000;18699;1;64;0;-1;0
2371;Inquisitor Gnshal;2212;0;2000;18704;2;64;0;-1;0
2372;Oblivion Elemental;2212;0;3000;18705;3;64;0;-1;0
2373;Vez'okk the Lightless;2212;0;4000;18706;4;64;0;-1;0
2374;Therum Deepforge;2213;0;1000;18707;1;64;0;-1;0
2375;Slavemaster Ul'rok;2213;0;2000;18708;2;64;0;-1;0
2376;Overlord Mathias Shaw;2213;0;3000;18709;3;64;0;-1;0
2377;Magister Umbric;2213;0;4000;18710;4;64;0;-1;0
2380;Echelon;2287;0;0;18773;0;4;0;-1;0
2381;Lord Chamberlain;2287;0;1000;18775;1;4;0;-1;0
2382;Globgrog;2289;0;0;18778;0;4;0;-1;0
2383;Hungering Destroyer;2296;0;0;18780;0;6;0;-1;0
2384;Doctor Ickus;2289;0;1000;18781;1;4;0;-1;0
2385;Domina Venomblade;2289;0;2000;18783;2;4;0;-1;0
2386;Stradama Margrave;2289;0;3000;18785;3;4;0;-1;0
2387;Blightbone;2286;0;0;18788;0;4;0;-1;0
2388;Amarth, The Harvester;2286;0;1000;18789;1;4;0;-1;0
2389;Surgeon Stitchflesh;2286;0;2000;18794;2;4;0;-1;0
2390;Nalthor the Rimebinder;2286;0;3000;18790;3;4;0;-1;0
2391;An Affront of Challengers;2293;0;-1000;18802;3;4;0;-1;0
2392;Mistcaller;2290;0;0;18805;0;4;0;-1;0
2393;Tred'ova;2290;0;1000;18808;1;4;0;-1;0
2394;The Manastorms;2291;0;0;18812;0;4;0;-1;0
2395;Hakkar, the Soulflayer;2291;0;-1000;18815;1;4;0;-1;0
2396;Mueh'zala;2291;0;1000;18817;2;4;0;-1;0
2397;Ingra Maloch;2290;0;-1000;18819;2;4;0;-1;0
2398;Shriekwing;2296;0;-1000;19396;1;6;0;-1;0
2399;Sludgefist;2296;0;3000;19415;2;6;0;-1;0
2400;Dealer Xy'exa;2291;0;500;18824;3;4;0;-1;0
2401;Halkias, the Sin-Stained Goliath;2287;0;-1000;18810;2;4;0;-1;0
2402;Sun King's Salvation;2296;0;-250;19029;3;6;0;-1;0
2403;High Adjudicator Aleez;2287;0;500;19047;3;4;0;-1;0
2404;Mordretha;2293;0;3000;19056;4;4;0;-1;0
2405;Artificer Xy'mox;2296;0;2000;19146;4;6;0;-1;0
2406;Lady Inerva Darkvein;2296;0;2250;19158;5;6;0;-1;0
2407;Sire Denathrius;2296;0;4000;19208;6;7;0;-1;0
2408;Nurgash Muckformed;2222;0;0;0;0;0;0;-1;0
2409;Oranomonos the Everbranching;2222;0;1000;0;1;0;0;-1;0
2410;Mortanis;2222;0;2000;0;2;0;0;-1;0
2411;Valinor;2222;0;3000;0;3;0;0;-1;0
2412;The Council of Blood;2296;0;2500;19279;7;6;0;-1;0
2415;Ember Court;2360;0;0;19342;0;64;0;-1;0
2416;Nathanos Blightcaller;0;0;1000;0;0;0;0;-1;0
2417;Stone Legion Generals;2296;0;3500;19388;8;6;0;-1;0
2418;Huntsman Altimor;2296;0;-500;19410;9;6;0;-1;0
2419;Timecap'n Hooktail;2441;0;0;20228;0;0;0;-1;0
2422;Kel'Thuzad;2450;0;6500;20232;0;6;0;-1;0
2423;The Tarragrue;2450;0;-1000;20242;1;6;0;-1;0
2424;Mailroom Mayhem;2441;0;-1000;20256;1;0;0;-1;0
2425;Zo'phex the Sentinel;2441;0;-2000;20260;2;0;0;-1;0
2426;Hylbrande;2441;0;-500;20264;3;0;0;-1;0
2429;The Nine;2450;0;1000;20449;2;6;0;-1;0
2430;Painsmith Raznal;2450;0;6062;20366;3;6;0;-1;0
2431;Fatescribe Roh-Kalo;2450;0;6250;20456;4;6;0;-1;0
2432;Remnant of Ner'zhul;2450;0;1750;20439;5;6;0;-1;0
2433;The Eye of the Jailer;2450;0;0;20360;6;262;0;-1;0
2434;Soulrender Dormazain;2450;0;1375;20451;7;6;0;-1;0
2435;Sylvanas Windrunner;2450;0;7000;20347;8;7;0;-1;0
2436;Guardian of the First Ones;2450;0;6125;20268;9;6;0;-1;0
2437;So'azmi;2441;0;-562;20275;4;0;0;-1;0
2440;Myza's Oasis;2441;0;-750;20353;5;4;0;-1;0
2441;The Grand Menagerie;2441;0;-1500;20362;6;0;0;-1;0
2442;So'leah;2441;0;1000;20538;7;0;0;-1;0
2494;Test Chest;2162;0;0;20700;0;64;0;-1;0
2495;9.1 Desmotaeron - World Boss;2456;0;0;0;0;0;3731616;-1;0
2496;Mor'geth, Tormentor of the Damned;2222;0;4000;0;4;0;3731616;-1;0
2512;Vigilant Guardian;2481;0;0;21151;0;6;0;-1;0
2529;Halondrus the Reclaimer;2481;0;1750;21229;1;6;0;-1;0
2537;The Jailer;2481;0;2000;21176;2;6;0;-1;0
2539;Lihuvim, Principal Architect;2481;0;1812;21182;3;6;0;-1;0
2540;Dausegne, the Fallen Oracle;2481;0;500;21213;4;6;0;-1;0
2542;Skolex, the Insatiable Ravener;2481;0;1500;21218;5;6;0;-1;0
2543;Lords of Dread;2481;0;1875;21220;6;6;0;-1;0
2544;Prototype Pantheon;2481;0;1250;21225;7;6;0;-1;0
2546;Anduin Wrynn;2481;0;1843;21242;8;6;0;-1;0
2549;Rygelon;2481;0;1968;21268;9;4;0;-1;0
2550;Antros;2222;0;5000;0;5;0;3052064;-1;0
2553;Artificer Xy'mox;2481;0;875;21338;10;6;0;-1;0
2555;The Lost Dwarves;2451;0;0;21495;0;4;0;-1;0
2556;Bromach;2451;0;1000;21497;1;4;0;-1;0
2557;Sentinel Talondras;2451;0;2000;21499;2;4;0;-1;0
2558;Emberon;2451;0;3000;21633;3;4;0;-1;0
2559;Chrono-Lord Deios;2451;0;4000;21503;4;4;0;-1;0
2562;Vexamus;2526;0;0;0;0;4;0;-1;0
2563;Overgrown Ancient;2526;0;1000;0;1;4;0;-1;0
2564;Crawth;2526;0;2000;21594;2;4;0;-1;0
2565;Echo of Doragosa;2526;0;3000;0;3;4;0;-1;0
2567;Gutshot;2520;0;0;21636;0;4;0;-1;0
2568;Treemouth;2520;0;-1000;21638;1;4;0;-1;0
2569;Decatriarch Wratheye;2520;0;1000;21640;2;4;0;-1;0
2570;Hackclaw's War-Band;2520;0;-2000;21642;3;4;0;-1;0
2580;Balakar Khan;2516;0;0;21903;0;4;0;-1;0
2581;Teera and Maruuk;2516;0;-1000;21901;1;4;0;-1;0
2582;Leymor;2515;0;0;21670;0;4;0;-1;0
2583;Telash Greywing;2515;0;3000;21674;1;4;0;-1;0
2584;Umbrelskul;2515;0;2000;21676;2;4;0;-1;0
2585;Azureblade;2515;0;500;21677;3;4;0;-1;0
2587;Eranog;2522;0;0;21720;0;6;0;-1;0
2590;The Primal Council;2522;0;1000;21742;1;6;0;-1;0
2592;Sennarth, The Cold Breath;2522;0;2000;21747;2;6;0;-1;0
2605;Kurog Grimtotem;2522;0;3000;21762;3;6;0;-1;0
2606;Kokia Blazehoof;2521;0;0;21835;0;4;0;-1;0
2607;Raszageth the Storm-Eater;2522;0;4000;21854;4;4;0;-1;0
2609;Melidrussa Chillworn;2521;0;-1000;21897;1;4;0;-1;0
2610;Magmatusk;2519;0;0;21909;0;6;0;-1;0
2611;Warlord Sargha;2519;0;1000;21913;1;6;0;-1;0
2612;Forgemaster Gorek;2519;0;-1000;21914;2;4;0;-1;0
2613;Chargath, Bane of Scales;2519;0;-2000;21917;3;4;0;-1;0
2614;Broodkeeper Diurna;2522;0;3500;21927;5;6;0;-1;0
2615;Watcher Irideus;2527;0;0;21929;0;4;0;-1;0
2616;Gulping Goliath;2527;0;1000;21931;1;4;0;-1;0
2617;Khajin the Unyielding;2527;0;2000;21933;2;4;0;-1;0
2618;Primal Tsunami;2527;0;3000;21935;3;4;0;-1;0
2623;Kyrakka and Erkhart Stormvein;2521;0;1000;21947;2;4;0;-1;0
2635;Dathea, Ascended;2522;0;1500;22026;6;6;0;-1;0
2636;The Raging Tempest;2516;0;-2000;22116;2;6;0;-1;0
2637;Granyth;2516;0;-3000;22358;3;4;0;-1;0
2639;Terros;2522;0;1750;22094;7;6;0;-1;0
2640;Basrikron;2574;0;0;0;0;4;0;-1;0
2651;Strunraan;2574;0;1000;0;1;4;0;-1;0
2652;Liskanoth;2574;0;2000;0;2;4;0;-1;0
2653;Bazual;2574;0;1500;0;3;4;0;-1;0
2666;Chronikar;2579;0;0;22901;0;4;0;-1;0
2667;Manifested Timeways;2579;0;1000;22903;1;4;0;-1;0
2668;Blight of Galakrond;2579;0;2000;22905;2;4;0;-1;0
2669;Iridikron;2579;0;3000;22907;3;4;0;-1;0
2670;Tyr, the Infinite Keeper;2579;0;4000;22909;4;4;0;-1;0
2671;Morchie;2579;0;5000;22911;5;4;0;-1;0
2672;Time-Lost Battlefield;2579;0;6000;22913;6;4;0;-1;0
2673;Chrono-Lord Deios;2579;0;7000;22915;7;4;0;-1;0
2677;Fyrakk the Blazing;2549;0;0;25036;0;6;0;-1;0
2680;Rashok, the Elder;2569;0;0;23125;0;6;0;-1;0
2682;Assault of the Zaqali;2569;0;-125;23134;1;4;0;-1;0
2683;Magmorax;2569;0;1000;23153;2;6;0;-1;0
2684;Echo of Neltharion;2569;0;2000;23156;3;6;0;-1;0
2685;Scalecommander Sarkareth;2569;0;3000;23160;4;6;0;-1;0
2687;The Amalgamation Chamber;2569;0;-500;23162;5;6;0;-1;0
2688;Kazzara, the Hellforged;2569;0;-2000;23168;6;6;0;-1;0
2689;The Vigilant Steward, Zskarn;2569;0;500;23244;7;6;0;-1;0
2693;The Forgotten Experiments;2569;0;-250;23252;8;6;0;-1;0
2696;The Zaqali Elders;2454;172;0;0;0;4;0;-1;0
2707;Dungeon DPS Test (6 min);1457;0;-1000;0;4;0;0;-1;0
2708;Nymue, Weaver of the Cycle;2549;0;-31;24406;1;6;0;-1;0
2709;Igira the Cruel;2549;0;-500;24126;2;6;0;-1;0
2725;The Headless Horseman;1004;0;0;24300;0;0;0;-1;0
2728;Council of Dreams;2549;0;-62;24338;3;6;0;-1;0
2731;Larodar, Keeper of the Flame;2549;0;-125;24357;4;6;0;-1;0
2737;Volcoross;2549;0;-250;24432;5;6;0;-1;0
2740;The Power of Temptation;2653;0;0;24466;0;4;0;-1;0
2786;Tindral Sageswift, Seer of the Flame;2549;0;-7;24560;6;6;0;-1;0
2787;The Candle King;2651;0;6000;24410;0;4;0;-1;0
2788;The Darkness;2651;0;7000;24893;1;4;0;-1;0
2815;Light Knight;1963;0;0;24610;0;4;0;-1;0
2816;Kyrioss;2648;0;0;24613;0;6;0;-1;0
2818;Bloodmage Thalnos;189;1;1000;24616;1;0;0;-1;0
2819;Dimension Breaker;1963;0;1000;24623;1;4;0;-1;0
2820;Gnarlroot;2549;0;-1000;24632;7;6;0;-1;0
2821;The Devourer;1963;0;2000;24636;2;4;0;-1;0
2824;Smolderon;2549;0;-15;24719;8;6;0;-1;0
2826;Blazikon;2651;0;2000;24751;2;4;0;-1;0
2827;Anima-Infused Fungus;1457;0;4000;24804;5;4;0;-1;0
2828;Aurostor;2548;0;0;0;0;4;0;-1;0
2829;Ol' Waxbeard;2651;0;1000;24823;3;4;0;-1;0
2831;Spinshroom;2664;0;1000;0;1;0;0;-1;0
2835;Baron Braunpyke;2649;0;0;24899;0;4;0;-1;0
2836;Voidstone Monstrosity;2648;0;1000;24904;1;4;0;-1;0
2837;Speaker Shadowcrown;2662;0;0;24913;0;4;0;-1;0
2838;Anub'ikkaj;2662;0;1000;24915;1;4;0;-1;0
2839;Rasha'nan;2662;0;2000;24917;2;4;0;-1;0
2847;Captain Dailcry;2649;0;-1000;25022;1;4;0;-1;0
2848;Prioress Murrpray;2649;0;1000;25024;2;4;0;-1;0
2854;E.D.N.A.;2652;0;0;25026;0;6;0;-1;0
2861;Stormguard Gorren;2648;0;500;25028;2;4;0;-1;0
2877;Web General Ab'enar;2680;0;2000;0;2;0;0;-1;0
2878;Tomb-Raider Drywhisker;2681;0;0;0;0;0;0;-1;0
2879;The Crown Chemical Co.;33;0;4000;0;5;4;0;-1;0
2880;Skarmorak;2652;0;1000;25193;1;4;0;-1;0
2883;Void Speaker Eirich;2652;0;2000;25233;2;6;0;-1;0
2888;Master Machinists;2652;0;1500;25238;3;4;0;-1;0
2894;Waxface;2683;0;0;0;0;0;0;-1;0
2895;Undersea Abomination;2689;0;0;0;0;0;0;-1;0
2898;Sikran, Captain of the Sureki;2657;0;0;25449;0;6;0;-1;0
2900;Brewmaster Aldryr;2661;0;0;25573;0;4;0;-1;0
2901;Ki'katal the Harvester;2660;0;2000;25585;0;4;0;-1;0
2902;Ulgrax the Devourer;2657;0;-1000;25630;1;6;0;-1;0
2905;The Coaglamation;2669;0;250;25658;0;4;0;-1;0
2906;Anub'zekt;2660;0;1000;25668;1;4;0;-1;0
2907;Orator Krix'vizk;2669;0;-1000;25674;1;4;0;-1;0
2908;Fangs of the Queen;2669;0;-500;25678;2;4;0;-1;0
2909;Izo, the Grand Splicer;2669;0;1000;25675;3;4;0;-1;0
2917;The Bloodbound Horror;2657;0;-500;25695;2;6;0;-1;0
2918;Rasha'nan;2657;0;1000;25697;3;6;0;-1;0
2919;Broodtwister Ovi'nax;2657;0;2000;25699;4;6;0;-1;0
2920;Nexus-Princess Ky'veza;2657;0;3000;25701;5;6;0;-1;0
2921;The Silken Court;2657;0;4000;25703;6;6;0;-1;0
2922;Queen Ansurek;2657;0;5000;25705;7;6;0;-1;0
2926;Avanoxx;2660;0;0;25728;2;4;0;-1;0
2929;I'pa;2661;0;750;25739;1;4;0;-1;0
2930;Goldie Baronbottom;2661;0;2000;25751;2;4;0;-1;0
2931;Benk Buzzbee;2661;0;1500;25769;3;4;0;-1;0
2946;Nerl'athekk the Skulking;2685;0;0;0;0;0;0;-1;0
2947;Speaker Xanventh;2685;0;1000;0;1;0;0;-1;0
2948;Cave Giant Boss;2685;0;2000;0;2;0;0;-1;0
2949;Nerl'athekk the Skulking;2685;0;3000;0;3;0;0;-1;0
2960;Bogpiper;2679;0;3000;0;0;0;0;-1;0
2967;Rhahk'Zor;36;24;1000;4531;5;4;0;-1;0
2968;Sneed;36;24;2000;4532;6;4;0;-1;0
2969;Gilnid;36;24;3000;4533;7;4;0;-1;0
2970;Mr. Smite;36;24;4000;4534;8;4;0;-1;0
2971;Captain Greenskin;36;24;5000;4536;9;4;0;-1;0
2972;Edwin VanCleef;36;24;6000;4537;10;4;0;-1;0
2973;"""Captain"" Cookie";36;1;4000;5556;5;4;0;-1;0
2974;Admiral Ripsnarl;36;1;2000;5555;6;4;0;-1;0
2975;Foe Reaper 5000;36;1;1000;5554;7;4;0;-1;0
2976;Glubtok;36;1;-1000;5538;8;4;0;-1;0
2977;Helix Gearbreaker;36;1;0;5549;9;4;0;-1;0
2978;"""Captain"" Cookie";36;2;2000;5556;6;4;0;-1;0
2979;Admiral Ripsnarl;36;2;1750;5555;7;4;0;-1;0
2980;Foe Reaper 5000;36;2;1500;5554;8;4;0;-1;0
2981;Glubtok;36;2;0;5538;9;4;0;-1;0
2982;Helix Gearbreaker;36;2;1000;5549;10;4;0;-1;0
2984;Orta;2601;0;3000;0;0;4;0;-1;0
2985;Zekvir;2682;0;0;0;0;0;0;-1;0
2986;Cookie;36;24;7000;4535;0;4;0;-1;0
2987;Zekvir;2682;0;1000;0;1;0;0;-1;0
2988;Aggregation of Horrors;2601;0;1000;0;1;4;0;-1;0
2989;Under-Lord Vik'tis;2684;0;0;0;0;0;0;-1;0
2990;Overseer Kaskel;2688;0;0;0;0;0;0;-1;0
2991;Researcher Ven'kex;2690;0;0;0;0;0;0;-1;0
2992;Researcher Xik'vik;2690;0;1000;0;1;0;0;-1;0
2993;Crazed Abomination;2690;0;2000;0;2;16;0;-1;0
2994;Shurrai;2601;0;2000;0;2;4;0;-1;0
2997;Kordac, the Dormant Protector;2601;0;4000;0;3;4;0;-1;0
2998;Reformed Fury;2686;0;0;0;0;0;0;-1;0
2999;Mirror Master Murkna;2687;0;0;0;0;0;0;-1;0
3000;Bloated Drowner;2687;0;1000;0;1;0;0;-1;0
3001;Cragpie;2687;0;2000;0;2;0;0;-1;0
3002;Leviathan Caller;2687;0;3000;0;3;0;0;-1;0
3004;Evolved Nerubian Leaders;2689;0;1000;0;1;0;0;-1;0
3005;Maklin Drillstab;2680;0;3000;0;0;0;0;-1;0
3006;The Puppetmaster;2688;0;1000;0;1;0;0;-1;0
3007;Speaker Halven;2686;0;1000;0;1;0;0;-1;0
3008;Speaker Pelzeth;2686;0;2000;0;2;0;0;-1;0
3009;Vexie and the Geargrinders;2769;0;0;26690;0;6;0;-1;0
3010;Cauldron of Carnage;2769;0;1000;26692;1;6;0;-1;0
3011;Rik Reverb;2769;0;2000;26694;2;6;0;-1;0
3012;Stix Bunkjunker;2769;0;3000;26696;3;6;0;-1;0
3013;Sprocketmonger Lockenstock;2769;0;4000;26698;4;6;0;-1;0
3014;One-Armed Bandit;2769;0;5000;26700;5;6;0;-1;0
3015;Mug'Zee, Heads of Security;2769;0;6000;26702;6;6;0;-1;0
3016;Chrome King Gallywix;2769;0;7000;26704;7;6;0;-1;0
3017;Frozen Commander;576;0;-1000;3685;4;4;0;-1;0
3019;Demolition Duo;2773;0;0;26795;0;4;0;-1;0
3020;Big M.O.M.M.A.;2773;0;-1000;26797;1;4;0;-1;0
3042;Lord Roccor;2792;0;0;26871;0;6;0;-1;0
3043;Lord Incendius;2792;0;1000;26877;1;6;0;-1;0
3044;Bael'Gar;2792;0;500;26878;2;6;0;-1;0
3045;General Angerforge;2792;0;4500;26874;3;6;0;-1;0
3046;Golem Lord Argelmach;2792;0;4000;26876;4;6;0;-1;0
3047;Ambassador Flamelash;2792;0;5000;26873;5;6;0;-1;0
3048;The Seven;2792;0;4250;26875;6;6;0;-1;0
3049;Emperor Dagran Thaurissan;2792;0;7000;26872;7;6;0;-1;0
3050;Cult Leaders;2686;0;3000;0;3;0;0;-1;0
3053;Swampface;2773;0;1000;26961;2;4;0;-1;0
3054;Geezle Gigazap;2773;0;2000;26963;3;4;0;-1;0
3056;Emberdawn;2805;0;0;0;0;4;0;-1;0
3057;Derelict Duo;2805;0;1000;0;1;4;0;-1;0
3058;Commander Kroluk;2805;0;2000;0;2;4;0;-1;0
3059;Restless Heart;2805;0;3000;0;3;4;0;-1;0
3064;Raid Boss Dummy (30 Sec);2438;0;0;0;0;0;0;-1;0
3065;Raid Boss Dummy (10min);2438;0;1000;0;1;0;0;-1;0
3066;Raid Boss Dummy (5min);2438;0;2000;0;2;0;0;-1;0
3067;Raid Boss Dummy (5min);2438;0;3000;0;3;0;0;-1;0
3071;Arcanotron Custos;2811;0;0;0;0;6;0;-1;0
3072;Seranel Sunlash;2811;0;1000;0;1;4;0;-1;0
3073;Gemellus;2811;0;2000;0;2;4;0;-1;0
3074;Degentrius;2811;0;3000;0;3;6;0;-1;0
3081;Alleria Windrunner;2827;0;0;18015;0;0;0;-1;0
3082;Therum Deepforge;2827;0;1000;18707;1;64;0;-1;0
3083;Slavemaster Ul'rok;2827;0;2000;18708;2;64;0;-1;0
3084;Overlord Mathias Shaw;2827;0;3000;18709;3;64;0;-1;0
3085;Magister Umbric;2827;0;4000;18710;4;64;0;-1;0
3086;Thrall the Corrupted;2828;0;0;18015;0;0;0;-1;0
3087;Inquisitor Gnshal;2828;0;1000;18704;1;64;0;-1;0
3088;Oblivion Elemental;2828;0;2000;18705;2;64;0;-1;0
3089;Vez'okk the Lightless;2828;0;3000;18706;3;64;0;-1;0
3090;Rexxar;2828;0;4000;18699;4;64;0;-1;0
3095;Craggle Fritzbrains;2815;0;0;0;0;0;0;-1;0
3096;Harbinger Ul'thul;2815;0;-1000;0;1;0;0;-1;0
3099;Xel'anegh the Many;2815;0;1000;0;2;0;0;-1;0
3100;The Biggest Bug;2680;0;4000;0;1;0;0;-1;0
3101;Kystia Manaheart;2813;0;0;0;0;4;0;-1;0
3102;Zaen Bladesorrow;2813;0;1000;0;1;4;0;-1;0
3103;Xathuux the Annihilator;2813;0;2000;0;2;4;0;-1;0
3104;Gold Elemental;2826;0;0;0;0;0;0;-1;0
3105;Lithiel Cinderfury;2813;0;3000;0;3;4;0;-1;0
3106;Torque Clanfire and Sprok;2690;0;-1000;0;3;0;0;-1;0
3107;Azhiccar;2830;0;0;27680;0;4;0;-1;0
3108;Taah'bat and A'wazj;2830;0;1000;27683;1;4;0;-1;0
3109;Soul-Scribe;2830;0;2000;27685;2;4;0;-1;0
3120;Geargrave;2684;0;1000;0;1;0;0;-1;0
3121;Maulspike;2664;0;2000;0;0;0;0;-1;0
3122;The Soul Hunters;2810;0;4500;27877;0;6;0;-1;3
3123;Geargrave;2688;0;2000;0;2;0;0;-1;0
3124;Vindle Snapcrank;2689;0;2000;0;2;0;0;-1;0
3126;Underpin;2831;0;0;0;0;0;0;-1;0
3128;The Gobfather;2601;0;5000;0;4;4;0;-1;0
3129;Plexus Sentinel;2810;0;1000;27869;1;6;0;-1;1
3130;Soulbinder Naazindhri;2810;0;2000;27873;2;6;0;-1;2
3131;Loom'ithar;2810;0;1500;27871;3;6;0;-1;2
3132;Forgeweaver Araz;2810;0;4000;27875;4;6;0;-1;3
3133;Fractillus;2810;0;5000;27805;5;6;0;-1;3
3134;Nexus-King Salhadaar;2810;0;6000;27879;6;6;0;-1;4
3135;Dimensius, the All-Devouring;2810;0;7000;27881;7;6;0;-1;4
3138;Underpin;2831;0;-1000;0;1;0;0;-1;0
3139;Shroomspew;2683;0;1000;0;1;0;0;-1;0
3140;Torque Clanfire and Sprok;2681;0;1000;0;1;0;0;-1;0
3147;Reformed Fury;2686;0;4000;0;4;0;0;-1;0
3159;Rotmire;1592;0;0;0;0;6;0;-1;4
3173;Vindle Snapcrank;2826;0;1000;0;1;0;0;-1;0
3174;Geargrave;2826;0;2000;0;2;0;0;-1;0
3176;Imperator Averzian;2912;0;0;28305;0;6;0;-1;1
3177;Vorasius;2912;0;1000;28307;1;6;0;-1;2
3178;Vaelgor & Ezzorak;2912;0;3500;28309;2;6;0;-1;3
3179;Fallen-King Salhadaar;2912;0;3000;28311;3;6;0;-1;2
3180;Lightblinded Vanguard;2912;0;4000;28313;4;6;0;-1;3
3181;Crown of the Cosmos;2912;0;5000;28315;5;6;0;-1;4
3182;Belo'ren, Child of Al'ar;2913;0;0;28255;0;6;0;-1;4
3183;Midnight Falls;2913;0;1000;28303;1;6;0;-1;4
3184;Reshanor, The Untethered;2774;0;0;0;0;4;0;-1;0
3199;Lightblossom Trinity;2859;0;0;0;0;4;0;-1;0
3200;Ikuzz the Light Hunter;2859;0;1000;0;1;4;0;-1;0
3201;Lightwarden Ruia;2859;0;2000;0;2;4;0;-1;0
3202;Ziekett;2859;0;3000;0;3;4;0;-1;0
3205;Clangstank;2826;0;3000;0;3;0;0;-1;0
3206;Gurtha'zul;2815;0;2000;0;3;0;0;-1;0
3207;The Hoardmonger;2825;0;0;0;0;4;0;-1;0
3208;Sentinel of Winter;2825;0;1000;0;1;4;0;-1;0
3209;Nalorakk;2825;0;2000;0;2;4;0;-1;0
3210;Beste Glatisant;2815;0;3000;0;4;0;0;-1;0
3211;Bubsy Three Fingers;2826;0;4000;0;4;0;0;-1;0
3212;Muro'jin and Nekraxx;2874;0;0;0;0;4;0;-1;0
3213;Vordaza;2874;0;1000;0;1;4;0;-1;0
3214;Rak'tul, Vessel of Souls;2874;0;2000;0;2;4;0;-1;0
3217;Lil Leacher;2664;0;3000;0;2;0;0;-1;0
3279;Captain Nil'hitan;2803;0;0;0;0;0;0;-1;0
3284;Faceless One;2681;0;2000;0;2;0;0;-1;0
3285;Taz'Rah;2923;0;0;0;0;6;0;-1;0
3286;Atroxus;2923;0;1000;0;1;6;0;-1;0
3287;Charonus;2923;0;2000;0;2;6;0;-1;0
3297;Raszageth the Storm-Eater;2950;0;0;29044;0;4;0;-1;0
3306;Chimaerus the Undreamt God;2939;0;0;29079;0;6;0;-1;2
3307;Gladius Slaurna;2953;0;0;0;0;0;0;-1;0
3317;The Frost Lord;547;0;3000;0;3;4;0;-1;0
3325;Nexus-Princess Ky'veza;2951;0;0;0;0;0;0;-1;0
3326;Nexus-Princess Ky'veza;2951;0;-1000;0;1;0;0;-1;0
3328;Chief Corewright Kasreth;2915;0;0;0;1;4;0;-1;0
3329;Portalmaster Halsan;2803;0;1000;0;1;0;0;-1;0
3330;Voidrider Challnax;2803;0;2000;0;2;0;0;-1;0
3331;Fungi Amongi;1457;0;3500;29247;6;4;0;-1;0
3332;Corewarden Nysarra;2915;0;1000;0;0;4;0;-1;0
3333;Lothraxion;2915;0;2000;0;2;4;0;-1;0
3335;Fyrakk the Blazing;2972;0;0;0;0;0;0;-1;0
3352;Geargrave;2826;0;5000;0;5;0;0;-1;0
3358;Raid Boss Dummy (5min) - 2438;2438;0;4000;0;4;4;0;-1;0
3359;Mul'tha'ul;2964;0;0;0;0;0;0;-1;0
3360;Blademaster Darza;2961;0;0;0;0;0;0;-1;0
3361;Infiltrator Gulkat;3003;0;0;0;0;0;0;-1;0
3362;Mycomight;2963;0;0;0;0;0;0;-1;0
3363;Spinshroom;2963;0;1000;0;1;0;0;-1;0
3364;Brightthorn;2963;0;2000;0;2;0;0;-1;0
3365;Chief-Arcanist Patram;2979;0;0;0;0;0;0;-1;0
3367;Hydrangea;2933;0;0;0;0;0;0;-1;0
3368;Antenorian;2952;0;0;0;0;0;0;-1;0
3372;Nullaeus;2966;0;0;29957;0;0;0;-1;0
3374;Maulspike;2826;0;6000;0;6;0;0;-1;0
3385;Inquisitor Meto;1669;0;4000;0;4;8;0;-1;0
3386;Occularus;1669;0;5000;0;5;8;0;-1;0
3387;Pit Lord Vilemus;1669;0;6000;0;6;8;0;-1;0
3388;Sotanathor;1669;0;7000;0;7;8;0;-1;0
3398;Esuritus;2953;0;1000;0;1;0;0;-1;0
3404;Voidscorned Vagrant;2933;0;1000;0;1;0;0;-1;0
3405;Infiltrator Garand;2933;0;2000;0;2;0;0;-1;0
3416;Lumenia;2964;0;1000;0;1;0;0;-1;0
3417;Esuritus;2965;0;0;0;0;4;0;-1;0
3425;Keystone System;3029;0;0;0;0;4;0;-1;0
3426;Affixes;3029;0;1000;0;1;4;0;-1;0
3430;Nullaeus;2966;0;1000;29957;1;0;0;-1;0
3431;Predaxas;2930;0;0;0;0;4;0;-1;0
3433;Spiritflayer Jin'ma;2962;0;0;0;0;4;0;-1;0
3434;Spiritflayer Jin'ma;2962;0;1000;0;1;4;0;-1;0
3435;Spiritflayer Jin'ma;2962;0;2000;0;2;4;0;-1;0
3436;Cragpine;2930;0;1000;0;1;4;0;-1;0
3454;Lu'ashal;2930;0;-1000;0;2;4;0;-1;0
3459;Thorm'belan;2930;0;2000;0;3;4;0;-1;0
3463;Betarix Hotfixxle;1594;0;4000;0;4;4;0;-1;0
