ID;Map;JournalEncounterID;MapDisplayConditionID;Flags;UiMapID
1613;0.6366999745368958,0.46257483959198;178;0;1;337
1614;0.631147027015686,0.4959009885787964;581;0;1;132
1615;0.6721310019493103,0.7868850231170654;583;0;1;132
1616;0.43169400095939636,0.5942620038986206;586;0;1;158
1617;0.4900199770927429,0.3428143262863159;168;0;1;296
1618;0.5099800825119019,0.7245509624481201;197;0;1;369
1619;0.47541001439094543,0.39754098653793335;609;0;1;184
1620;0.3652696907520294,0.6122754812240601;89;54460;1;291
1621;0.513047993183136,0.8212699890136719;851;0;1;564
1622;0.30625298619270325,0.3855240046977997;864;0;1;559
1623;0.5878880023956299,0.4652880132198334;865;0;1;565
1624;0.5049900412559509,0.23053884506225586;112;0;1;324
1625;0.3103795647621155,0.5;127;0;1;299
1626;0.37025970220565796,0.447604775428772;111;0;1;324
1627;0.4850299656391144,0.39520955085754395;185;0;1;337
1628;0.6546912789344788,0.40269458293914795;95;54460;1;292
1629;0.639721155166626,0.492514967918396;129;0;1;299
1630;0.5399203300476074,0.7844312191009521;157;0;1;294
1631;0.9041933417320251,0.529940128326416;191;0;1;333
1632;0.4151698052883148,0.552395224571228;122;0;1;277
1633;0.6546912789344788,0.57485032081604;169;0;1;285
1634;0.49538901448249817,0.66081702709198;285;0;1;402
1635;0.6161199808120728,0.30737701058387756;551;0;1;271
1636;0.4750499427318573,0.3278442621231079;171;0;1;286
1637;0.12475066632032394,0.7589820623397827;91;54460;1;292
1638;0.7345319390296936,0.7544910907745361;167;0;1;295
1639;0.40518978238105774,0.7739928960800171;187;0;1;333
1640;0.40518978238105774,0.6871258020401001;131;0;1;293
1641;0.3321169912815094,0.8525869846343994;318;0;1;414
1642;0.5049900412559509,0.42514967918395996;102;0;1;323
1643;0.3003995418548584,0.38023948669433594;116;0;1;325
1644;0.47005993127822876,0.6646707057952881;107;0;1;284
1645;0.2754494845867157,0.57485032081604;170;0;1;285
1646;0.35528966784477234,0.23053884506225586;186;0;1;333
1647;0.5,0.492514967918396;125;0;1;298
1648;0.5673760175704956,0.2771790027618408;322;0;1;399
1649;0.6297410726547241,0.597305417060852;110;0;1;324
1650;0.6019052863121033,0.4147113561630249;180;0;1;337
1651;0.6437137126922607,0.3802395462989807;194;0;1;367
1652;0.6047908663749695,0.7994012832641602;176;0;1;337
1653;0.3253495991230011,0.19311368465423584;104;0;1;322
1654;0.7145717740058899,0.7020958662033081;173;0;1;286
1655;0.48003995418548584,0.20059871673583984;181;0;1;337
1656;0.5099800825119019,0.53742516040802;175;0;1;337
1657;0.5998008251190186,0.46257483959198;177;0;1;337
1658;0.3043915629386902,0.7739521265029907;97;0;1;311
1659;0.4750499427318573,0.7470060586929321;128;0;1;299
1660;0.21057921648025513,0.3278442621231079;192;0;1;367
1661;0.3173384368419647,0.24550890922546387;184;0;1;337
1662;0.6646713614463806,0.7320359945297241;96;0;1;310
1663;0.5349302887916565,0.19311368465423584;156;0;1;294
1664;0.7145717740058899,0.529940128326416;190;0;1;333
1665;0.8043925166130066,0.6347305774688721;139;0;1;282
1666;0.4750499427318573,0.5;155;0;1;328
1667;0.27045947313308716,0.6571856737136841;119;0;1;277
1668;0.5199601650238037,0.8218563795089722;115;0;1;325
1669;0.15568892657756805,0.631777286529541;140;0;1;282
1670;0.6746514439582825,0.19311368465423584;103;0;1;322
1671;0.24550940096378326,0.7020958662033081;172;0;1;286
1672;0.5548904538154602,0.7095808982849121;188;0;1;333
1673;0.5848307013511658,0.23802387714385986;189;0;1;333
1674;0.5848307013511658,0.6272455453872681;124;0;1;297
1675;0.4950096011161804,0.30988049507141113;196;0;1;367
1676;0.3752497136592865,0.42514967918395996;117;0;1;277
1677;0.6946116089820862,0.19311368465423584;133;0;1;293
1678;0.5019960403442383,0.8682636022567749;90;54460;1;291
1679;0.5396170020103455,0.4856559932231903;592;0;1;154
1680;0.465846985578537,0.6557369828224182;593;0;1;154
1681;0.18715900182724,0.5061460137367249;833;0;1;129
1682;0.5149999856948853,0.30000001192092896;132;0;1;293
1683;0.493013471364975,0.44311341643333435;195;0;1;367
1684;0.6047908663749695,0.455089807510376;93;54460;1;292
1685;0.6846315264701843,0.3353292942047119;100;0;1;315
1686;0.4750499427318573,0.2604789733886719;154;0;1;328
1687;0.6147540211677551,0.774590015411377;599;0;1;139
1688;0.5590969920158386,0.3920679986476898;323;0;1;403
1689;0.50273197889328,0.8627049922943115;605;0;1;140
1690;0.507502019405365,0.15383000671863556;198;0;1;369
1691;0.5499004125595093,0.447604775428772;114;0;1;325
1692;0.5049900412559509,0.21556878089904785;101;0;1;323
1693;0.8456289768218994,0.7602459788322449;606;0;1;140
1694;0.6047908663749695,0.38772451877593994;92;54460;1;292
1695;0.4344260096549988,0.6270490288734436;602;0;1;185
1696;0.5425900220870972,0.5923190116882324;866;0;1;558
1697;0.2934510111808777,0.6691290140151978;867;0;1;558
1698;0.7720339894294739,0.2968980073928833;868;0;1;559
1699;0.4943380057811737,0.7134420275688171;869;0;1;567
1700;0.5278189778327942,0.29246699810028076;870;0;1;564
1701;0.4251498281955719,0.455089807510376;158;0;1;295
1702;0.6536932587623596,0.7500001192092896;193;0;1;367
1703;0.6896215677261353,0.507485032081604;109;0;1;284
1704;0.5598804950714111,0.1407184600830078;126;0;1;297
1705;0.6646713614463806,0.8443114757537842;108;0;1;284
1706;0.27045947313308716,0.16317355632781982;106;0;1;284
1707;0.5748506188392639,0.38772451877593994;113;0;1;324
1708;0.8562617897987366,0.7470060586929321;134;0;1;293
1709;0.4750499427318573,0.25299394130706787;130;0;1;299
1710;0.5003290176391602,0.45809000730514526;331;0;1;409
1711;0.6746514439582825,0.7245509624481201;118;0;1;277
1712;0.28043949604034424,0.597305417060852;98;0;1;310
1713;0.5998008251190186,0.514970064163208;179;0;1;337
1714;0.5449103713035583,0.53742516040802;99;0;1;313
1715;0.4790419936180115,0.179640993475914;339;0;1;282
1716;0.3415299952030182,0.8196719884872437;574;0;1;263
1717;0.7595630288124084,0.43647500872612;575;0;1;263
1718;0.6939889788627625,0.899590015411377;576;0;1;262
1719;0.7868850231170654,0.28893500566482544;577;0;1;262
1720;0.5039960145950317,0.6925240159034729;311;0;1;409
1721;0.5,0.7020958662033081;105;0;1;283
1722;0.19945399463176727,0.7868850231170654;550;0;1;270
1723;0.4972679913043976,0.13729499280452728;607;0;1;140
1724;0.6803280115127563,0.5532780289649963;608;0;1;184
1725;0.48003995418548584,0.7020958662033081;174;0;1;286
1726;0.49120399355888367,0.27198898792266846;675;0;1;438
1727;0.26116400957107544,0.7510150074958801;664;0;1;429
1728;0.16666699945926666,0.5676230192184448;475;0;1;279
1729;0.2663930058479309,0.5717210173606873;414;0;1;235
1730;0.47814199328422546,0.2028689980506897;564;0;1;268
1731;0.39754098653793335,0.5573769807815552;532;0;1;348
1732;0.2677600085735321,0.7049180269241333;545;0;1;260
1733;0.6584699749946594,0.25819700956344604;613;0;1;131
1734;0.7173770070075989,0.25231900811195374;821;0;1;510
1735;0.4265579879283905,0.5760729908943176;824;0;1;512
1736;0.31599798798561096,0.8207929730415344;825;0;1;510
1737;0.7168490290641785,0.6448289752006531;725;0;1;376
1738;0.3934420049190521,0.48975399136543274;594;0;1;154
1739;0.5764539837837219,0.2192150056362152;727;0;1;457
1740;0.17614300549030304,0.45179200172424316;1372;0;1;662
1741;0.6967210173606873,0.27049198746681213;580;0;1;132
1742;0.18715900182724,0.5061460137367249;617;0;1;129
1743;0.5628420114517212,0.7274590134620667;620;0;1;129
1744;0.49180299043655396,0.7622950077056885;622;0;1;143
1745;0.20703700184822083,0.5115020275115967;726;0;1;473
1746;0.10519099980592728,0.27458998560905457;603;0;1;185
1747;0.6657649874687195,0.3288230001926422;741;0;1;475
1748;0.4822399914264679,0.725409984588623;582;0;1;132
1749;0.16666699945926666,0.3442620038986206;424;0;1;280
1750;0.484811007976532,0.3230130076408386;289;0;1;406
1751;0.7240430116653442,0.38114801049232483;640;0;1;135
1752;0.6065580248832703,0.6885250210762024;642;0;1;137
1753;0.5531420111656189,0.4627879858016968;692;0;1;457
1754;0.4357919991016388,0.3729510009288788;597;0;1;138
1755;0.6548089981079102,0.22727200388908386;889;0;1;573
1756;0.7349730134010315,0.20399999618530273;450;0;1;317
1757;0.44262298941612244,0.17622999846935272;486;0;1;219
1758;0.3829500079154968,0.4566980004310608;669;0;1;441
1759;0.4451960027217865,0.1928279995918274;672;0;1;429
1760;0.6188229918479919,0.44774800539016724;654;0;1;432
1761;0.5669400095939636,0.28893399238586426;405;0;1;240
1762;0.4258959889411926,0.2929520010948181;685;0;1;443
1763;0.5806009769439697,0.4057379961013794;571;0;1;265
1764;0.24726800620555878,0.45696699619293213;579;0;1;262
1765;0.6202179789543152,0.2213120013475418;619;0;1;129
1766;0.5122950077056885,0.5286880135536194;636;0;1;171
1767;0.4508199989795685,0.5512290000915527;632;0;1;168
1768;0.25136598944664,0.7049180269241333;595;0;1;154
1769;0.27595600485801697,0.6229509711265564;626;0;1;168
1770;0.652878999710083,0.6041439771652222;659;0;1;476
1771;0.527504026889801,0.520451009273529;317;0;1;412
1772;0.6884210109710693,0.8193889856338501;677;0;1;473
1773;0.3428960144519806,0.36885300278663635;562;0;1;266
1774;0.508197009563446,0.31967198848724365;540;0;1;274
1775;0.5136610269546509,0.3155739903450012;563;0;1;267
1776;0.6092889904975891,0.7418040037155151;535;0;1;272
1777;0.465846985578537,0.27049198746681213;596;0;1;154
1778;0.7212449908256531,0.47496700286865234;686;0;1;443
1779;0.7175520062446594,0.6761429905891418;1432;0;1;665
1780;0.24495700001716614,0.569163978099823;1467;0;1;710
1781;0.5634009838104248,0.3508650064468384;1479;0;1;713
1782;0.6586329936981201,0.37499499320983887;1519;0;1;232
1783;0.6943389773368835,0.23679299652576447;1520;0;1;232
1784;0.41530099511146545,0.5348359942436218;644;0;1;137
1785;0.4412569999694824,0.2663939893245697;610;0;1;184
1786;0.46338900923728943,0.3696250021457672;291;0;1;398
1787;0.44790300726890564,0.7591339945793152;690;0;1;454
1788;0.41530001163482666,0.24180300533771515;578;0;1;262
1789;0.5560110211372375,0.4036880135536194;628;0;1;168
1790;0.47677600383758545,0.13319699466228485;591;0;1;161
1791;0.6498450040817261,0.6915280222892761;673;0;1;443
1792;0.27595600485801697,0.39958998560905457;618;0;1;129
1793;0.5669400095939636,0.592212975025177;611;0;1;131
1794;0.38524600863456726,0.3606559932231903;477;0;1;279
1795;0.3671970069408417,0.530951976776123;340;0;1;404
1796;0.4087800085544586,0.5740739703178406;696;0;1;213
1797;0.6654279828071594,0.16783200204372406;713;0;1;475
1798;0.2968460023403168,0.14656800031661987;728;0;1;246
1799;0.6120219826698303,0.8627049922943115;590;0;1;160
1800;0.28961798548698425,0.6270490288734436;638;0;1;133
1801;0.40163901448249817,0.6045079827308655;604;0;1;140
1802;0.1898909956216812,0.5225409865379333;600;0;1;139
1803;0.3195419907569885,0.3036929965019226;416;0;1;235
1804;0.47382399439811707,0.5137540102005005;341;0;1;400
1805;0.33606600761413574,0.5368850231170654;406;0;1;236
1806;0.46311500668525696,0.6803269982337952;523;0;1;257
1807;0.3265030086040497,0.27663901448249817;543;0;1;259
1808;0.3633880019187927,0.782787024974823;549;0;1;270
1809;0.3907099962234497,0.2049179971218109;528;0;1;347
1810;0.4877049922943115,0.6803280115127563;541;0;1;258
1811;0.2363390028476715,0.5040979981422424;584;0;1;132
1812;0.24316899478435516,0.45901599526405334;457;0;1;220
1813;0.587431013584137,0.6209009885787964;639;0;1;134
1814;0.7841529846191406,0.4528689980506897;465;0;1;225
1815;0.5096380114555359,0.5303249955177307;324;0;1;410
1816;0.5491799712181091,0.618852972984314;553;0;1;273
1817;0.4808740019798279,0.7459020018577576;554;0;1;273
1818;0.3866119980812073,0.41803300380706787;555;0;1;261
1819;0.5833330154418945,0.41188499331474304;557;0;1;261
1820;0.44262298941612244,0.2336069941520691;558;0;1;266
1821;0.24180300533771515,0.22745899856090546;559;0;1;266
1822;0.07377039641141891,0.4815570116043091;560;0;1;266
1823;0.3401640057563782,0.8627060055732727;561;0;1;266
1824;0.33333298563957214,0.6209020018577576;566;0;1;246
1825;0.5440859794616699,0.6320499777793884;691;0;1;379
1826;0.49043700098991394,0.27049198746681213;570;0;1;265
1827;0.35245901346206665,0.75;601;0;1;185
1828;0.27185800671577454,0.6106560230255127;565;0;1;268
1829;0.5423499941825867,0.13729499280452728;573;0;1;263
1830;0.4614349901676178,0.8788909912109375;655;0;1;437
1831;0.3251360058784485,0.45901599526405334;614;0;1;131
1832;0.3633880019187927,0.7069669961929321;641;0;1;136
1833;0.4977850019931793,0.645796000957489;372;0;1;242
1834;0.5915300250053406,0.401638001203537;612;0;1;131
1835;0.5136610269546509,0.5266389846801758;637;0;1;171
1836;0.5423499941825867,0.3422130048274994;568;0;1;246
1837;0.4077039957046509,0.5093560218811035;342;0;1;399
1838;0.6734970211982727,0.5450819730758667;569;0;1;246
1839;0.5013660192489624,0.4508199989795685;585;0;1;159
1840;0.6008120179176331,0.1968879997730255;744;0;1;474
1841;0.46174898743629456,0.19262300431728363;623;0;1;144
1842;0.3770489990711212,0.20901699364185333;598;0;1;139
1843;0.538565993309021,0.4932340085506439;729;0;1;456
1844;0.26204800605773926,0.4563249945640564;688;0;1;435
1845;0.46826499700546265,0.4992949962615967;325;0;1;411
1846;0.5155140161514282,0.43377500772476196;283;0;1;405
1847;0.2185789942741394,0.39549198746681213;544;0;1;260
1848;0.4508199989795685,0.6209009885787964;552;0;1;273
1849;0.821038007736206,0.7684419751167297;572;0;1;265
1850;0.4357930123806,0.49590200185775757;615;0;1;183
1851;0.3620220124721527,0.6741799712181091;621;0;1;129
1852;0.362758994102478,0.761788010597229;738;0;1;457
1853;0.5382509827613831,0.24795100092887878;385;0;1;243
1854;0.8730279803276062,0.48257699608802795;292;0;1;398
1855;0.6215850114822388,0.4877049922943115;587;0;1;157
1856;0.4330599904060364,0.2192620038986206;556;0;1;261
1857;0.7390710115432739,0.5081959962844849;524;0;1;257
1858;0.7295079827308655,0.31352499127388;527;0;1;347
1859;0.678961992263794,0.5286880135536194;627;0;1;168
1860;0.3306010067462921,0.4528689980506897;629;0;1;168
1861;0.27185800671577454,0.33606600761413574;631;0;1;168
1862;0.5122950077056885,0.5266389846801758;634;0;1;171
1863;0.6844260096549988,0.3627049922943115;643;0;1;137
1864;0.2580009996891022,0.1875929981470108;849;0;1;556
1865;0.4018949866294861,0.7043300271034241;708;0;1;453
1866;0.5655739903450012,0.18237699568271637;588;0;1;160
1867;0.4344260096549988,0.12090200185775757;616;0;1;183
1868;0.2993200123310089,0.40799999237060547;749;0;1;317
1869;0.3551909923553467,0.8278689980506897;529;0;1;347
1870;0.4248639941215515,0.22336100041866302;530;0;1;349
1871;0.23748500645160675,0.48257699608802795;290;0;1;398
1872;0.8346999883651733,0.2643440067768097;531;0;1;349
1873;0.3694550096988678,0.4790869951248169;1704;0;1;781
1874;0.3167630136013031,0.2485630065202713;1718;0;1;761
1875;0.5772389769554138,0.5751850008964539;1719;0;1;761
1876;0.6454399824142456,0.766228973865509;1720;0;1;763
1877;0.5238280296325684,0.4741150140762329;1725;0;1;764
1878;0.4885930120944977,0.48479101061820984;1726;0;1;788
1879;0.08606559783220291,0.5020490288734436;533;0;1;348
1880;0.47950801253318787,0.2971310019493103;534;0;1;272
1881;0.3565570116043091,0.6086069941520691;536;0;1;272
1882;0.3237699866294861,0.49180299043655396;537;0;1;272
1883;0.7540979981422424,0.6618850231170654;538;0;1;274
1884;0.48037898540496826,0.5317999720573425;658;0;1;429
1885;0.4699450135231018,0.20901599526405334;625;0;1;146
1886;0.6188520193099976,0.75;630;0;1;168
1887;0.49397599697113037,0.5240960121154785;671;0;1;436
1888;0.4913550019264221,0.3479999899864197;887;0;1;573
1889;0.5902500152587891,0.5968379974365234;888;0;1;573
1890;0.3456279933452606,0.13729499280452728;481;0;1;279
1891;0.7021859884262085,0.47950801253318787;589;0;1;160
1892;0.6912569999694824,0.6967210173606873;539;0;1;274
1893;0.3265030086040497,0.5450819730758667;542;0;1;259
1894;0.5314210057258606,0.5409830212593079;546;0;1;260
1895;0.8087430000305176,0.3913930058479309;547;0;1;260
1896;0.5928959846496582,0.24385300278663635;548;0;1;269
1897;0.48152101039886475,0.17177100479602814;332;0;1;413
1898;0.7659000158309937,0.4891749918460846;683;0;1;456
1899;0.3085249960422516,0.4932340085506439;709;0;1;456
1900;0.6089299917221069,0.5906630158424377;335;0;1;429
1901;0.4411369860172272,0.6069009900093079;649;0;1;437
1902;0.7609289884567261,0.45901599526405334;458;0;1;220
1903;0.47870200872421265,0.5384849905967712;333;0;1;415
1904;0.49453601241111755,0.7807379961013794;413;0;1;235
1905;0.3193509876728058,0.3288230001926422;689;0;1;471
1906;0.5136610269546509,0.524590015411377;635;0;1;171
1907;0.5546450018882751,0.4651640057563782;480;0;1;279
1908;0.24590200185775757,0.1434430032968521;428;0;1;281
1909;0.5846989750862122,0.9200819730758667;468;0;1;230
1910;0.6161199808120728,0.5389350056648254;479;0;1;279
1911;0.5532789826393127,0.5040979981422424;473;0;1;231
1912;0.43169400095939636,0.883197009563446;418;0;1;228
1913;0.3620220124721527,0.09836070239543915;423;0;1;280
1914;0.5368850231170654,0.7151640057563782;403;0;1;240
1915;0.44879499077796936,0.48644599318504333;2011;0;1;928
1917;0.7786880135536194,0.6700819730758667;419;0;1;226
1918;0.6120219826698303,0.6926230192184448;412;0;1;235
1919;0.6927300095558167,0.6502060294151306;694;0;1;213
1920;0.5350019931793213,0.5734660029411316;371;0;1;242
1921;0.3633880019187927,0.8237699866294861;378;0;1;243
1922;0.8552240133285522,0.8641790151596069;444;0;1;222
1923;0.47404399514198303,0.9221310019493103;369;0;1;242
1924;0.6901209950447083,0.4932340085506439;742;0;1;456
1925;0.41393399238586426,0.8176230192184448;430;0;1;281
1926;0.3729510009288788,0.7397540211677551;469;0;1;230
1927;0.2035519927740097,0.776639997959137;407;0;1;236
1928;0.4844380021095276,0.26183998584747314;665;0;1;477
1929;0.5669400095939636,0.16188499331474304;454;0;1;318
1930;0.2677600085735321,0.3278689980506897;471;0;1;230
1931;0.4028320014476776,0.8610039949417114;698;0;1;455
1932;0.5751370191574097,0.600409984588623;396;0;1;255
1933;0.5840539932250977,0.5333750247955322;1438;0;1;670
1934;0.6207360029220581,0.7414150238037109;391;0;1;251
1935;0.7595630288124084,0.4651640057563782;420;0;1;227
1936;0.3866119980812073,0.20081999897956848;456;0;1;318
1937;0.5865669846534729,0.30895501375198364;447;0;1;223
1938;0.4789150059223175,0.34186801314353943;1235;0;1;595
1939;0.8022390007972717,0.7530120015144348;1236;0;1;595
1940;0.8042169809341431,0.17496900260448456;1237;0;1;595
1941;0.6846960186958313,0.4366759955883026;1238;0;1;595
1942;0.25136598944664,0.5348359942436218;377;0;1;242
1943;0.7786620259284973,0.34485599398612976;682;0;1;472
1944;0.6748639941215515,0.22745899856090546;453;0;1;318
1945;0.31830599904060364,0.5061479806900024;415;0;1;235
1946;0.6953549981117249,0.7602459788322449;411;0;1;235
1947;0.3429360091686249,0.8168720006942749;697;0;1;213
1948;0.4562839865684509,0.19877099990844727;455;0;1;318
1949;0.4411369860172272,0.7368059754371643;737;0;1;475
1950;0.47541001439094543,0.4405739903450012;470;0;1;230
1951;0.5382509827613831,0.4856559932231903;384;0;1;243
1952;0.543283998966217,0.564179003238678;426;0;1;221
1953;0.3053889870643616,0.2679640054702759;1226;0;1;617
1954;0.2723329961299896,0.75;448;0;1;317
1955;0.2199449986219406,0.25614801049232483;472;0;1;230
1956;0.5238800048828125,0.8082090020179749;437;0;1;222
1957;0.49915099143981934,0.8703089952468872;459;0;1;220
1958;0.7459020018577576,0.4692620038986206;451;0;1;318
1959;0.28942498564720154,0.5974029898643494;748;0;1;230
1960;0.3866119980812073,0.5901640057563782;388;0;1;252
1961;0.5095630288124084,0.5307379961013794;425;0;1;280
1962;0.6024590134620667,0.6598359942436218;375;0;1;243
1963;0.5480380058288574,0.28822699189186096;660;0;1;431
1964;0.4884980022907257,0.5175920128822327;670;0;1;442
1965;0.7964479923248291,0.11885199695825577;386;0;1;243
1966;0.24316899478435516,0.6844260096549988;421;0;1;227
1967;0.11193999648094177,0.3895519971847534;436;0;1;221
1968;0.46974098682403564,0.7917870283126831;1468;0;1;711
1969;0.6887620091438293,0.48270899057388306;1469;0;1;711
1970;0.5,0.7723339796066284;1470;0;1;712
1971;0.4789159893989563,0.39586499333381653;1485;0;1;704
1972;0.6295179724693298,0.8478919863700867;1486;0;1;704
1973;0.28313198685646057,0.7620480060577393;1487;0;1;703
1974;0.5150600075721741,0.8253009915351868;1488;0;1;705
1975;0.5150610208511353,0.9457380175590515;1489;0;1;705
1976;0.16858799755573273,0.7528820037841797;1497;0;1;749
1977;0.3933719992637634,0.776656985282898;1498;0;1;749
1978;0.7521610260009766,0.5021610260009766;1499;0;1;749
1979;0.619596004486084,0.7485589981079102;1500;0;1;749
1980;0.4841490089893341,0.3854469954967499;1501;0;1;749
1981;0.533719003200531,0.2629059851169586;1502;0;1;706
1982;0.36935099959373474,0.20665599405765533;1732;0;1;769
1983;0.45973700284957886,0.4568609893321991;1743;0;1;770
1984;0.2952750027179718,0.7300710082054138;657;0;1;443
1985;0.5751370191574097,0.7438520193099976;402;0;1;240
1986;0.5491799712181091,0.9487699866294861;373;0;1;243
1987;0.5726320147514343,0.782899022102356;820;0;1;512
1988;0.9098359942436218,0.11885199695825577;387;0;1;243
1989;0.2964479923248291,0.17418000102043152;487;0;1;219
1990;0.25819700956344604,0.7889339923858643;431;0;1;281
1991;0.49957001209259033,0.5405669808387756;826;0;1;507
1992;0.5949289798736572,0.25602999329566956;827;0;1;508
1993;0.4935060143470764,0.415583997964859;828;0;1;511
1994;0.7792209982872009,0.382189005613327;829;0;1;513
1995;0.5122950077056885,0.5266389846801758;834;0;1;171
1996;0.5229250192642212,0.8104079961776733;831;0;1;515
1997;0.45931100845336914,0.6412019729614258;679;0;1;471
1998;0.6901220083236694,0.7449259757995605;745;0;1;474
1999;0.2049179971218109,0.8180000185966492;449;0;1;317
2000;0.507502019405365,0.5100460052490234;832;0;1;514
2001;0.33333298563957214,0.6068699955940247;368;0;1;221
2002;0.43852499127388,0.4815570116043091;404;0;1;239
2003;0.2185789942741394,0.2622950077056885;464;0;1;225
2004;0.04282420128583908,0.5099999904632568;446;0;1;317
2005;0.6461750268936157,0.27663901448249817;484;0;1;219
2006;0.6229509711265564,0.743852972984314;478;0;1;279
2007;0.6229509711265564,0.2315569967031479;410;0;1;238
2008;0.4221310019493103,0.3299179971218109;489;0;1;219
2009;0.5724040269851685,0.46106499433517456;452;0;1;318
2010;0.5421689748764038,0.3373500108718872;2013;0;1;932
2011;0.623494029045105,0.4231930077075958;2014;0;1;931
2012;0.501075029373169,0.5306450128555298;2031;0;1;918
2013;0.47721999883651733,0.657122015953064;383;0;1;243
2014;0.6352459788322449,0.21106599271297455;376;0;1;242
2015;0.28094199299812317,0.3827829957008362;483;0;1;219
2016;0.4704909920692444,0.5210279822349548;693;0;1;458
2017;0.6707649827003479,0.8770490288734436;463;0;1;220
2018;0.6051909923553467,0.3269999921321869;443;0;1;317
2019;0.39377498626708984,0.15629200637340546;656;0;1;432
2020;0.5010910034179688,0.3261690139770508;684;0;1;479
2021;0.5575100183486938,0.49120399355888367;668;0;1;440
2022;0.4972679913043976,0.2213120013475418;466;0;1;225
2023;0.30601099133491516,0.43032801151275635;474;0;1;279
2024;0.39480799436569214,0.7930319905281067;395;0;1;254
2025;0.4549179971218109,0.5573769807815552;392;0;1;253
2026;0.37978100776672363,0.8401640057563782;394;0;1;254
2027;0.8606560230255127,0.4672130048274994;433;0;1;300
2028;0.33879798650741577,0.4508199989795685;408;0;1;237
2029;0.5314210057258606,0.2622950077056885;485;0;1;219
2030;0.5056679844856262,0.7047780156135559;380;0;1;243
2031;0.5997430086135864,0.18310000002384186;663;0;1;477
2032;0.5404670238494873,0.30041199922561646;695;0;1;213
2033;0.7076500058174133,0.27458998560905457;624;0;1;145
2034;0.3195439875125885,0.2294819951057434;417;0;1;235
2035;0.4084700047969818,0.4877049922943115;429;0;1;281
2036;0.5182679891586304,0.4709070026874542;666;0;1;477
2037;0.524590015411377,0.5450819730758667;390;0;1;250
2038;0.5642079710960388,0.31147500872612;374;0;1;242
2039;0.4582059979438782,0.5647450089454651;381;0;1;243
2040;0.31147500872612,0.30327901244163513;422;0;1;229
2041;0.462787002325058,0.23748299479484558;676;0;1;437
2042;0.37841498851776123,0.7049180269241333;427;0;1;280
2043;0.5341529846191406,0.725409984588623;467;0;1;230
2044;0.49096399545669556,0.8042169809341431;674;0;1;436
2045;0.34972700476646423,0.5758200287818909;409;0;1;238
2046;0.49500900506973267,0.18000000715255737;445;0;1;317
2047;0.5560110211372375,0.6700819730758667;370;0;1;242
2048;0.5532789826393127,0.6926230192184448;389;0;1;251
2049;0.4996899962425232,0.19109399616718292;816;0;1;509
2050;0.18944500386714935,0.5155619978904724;687;0;1;472
2051;0.2679300010204315,0.7368069887161255;743;0;1;475
2052;0.36475399136543274,0.6516389846801758;379;0;1;243
2053;0.6059579849243164,0.37334999442100525;814;0;1;504
2054;0.3463200032711029,0.5899810194969177;817;0;1;513
2055;0.7111930251121521,0.3395169973373413;818;0;1;512
2056;0.2683970034122467,0.7874979972839355;819;0;1;509
2057;0.19125699996948242,0.39549198746681213;476;0;1;279
2058;0.5396170020103455,0.8442630171775818;393;0;1;254
2059;0.6525710225105286,0.7354660034179688;850;0;1;562
2060;0.2195969969034195,0.3116689920425415;901;0;1;301
2061;0.3554680049419403,0.48235300183296204;857;119609;1;554
2062;0.42543599009513855,0.6220970153808594;858;119609;1;554
2063;0.4195699989795685,0.4525989890098572;852;0;1;557
2064;0.42486101388931274,0.4842120110988617;859;119609;1;554
2065;0.3579460084438324,0.6273339986801147;860;119609;1;554
2066;0.47516700625419617,0.6094570159912109;856;0;1;560
2067;0.5501580238342285,0.18126100301742554;861;119609;1;554
2068;0.7720339894294739,0.2968980073928833;881;0;1;559
2069;0.26482200622558594,0.5592889785766602;893;0;1;573
2070;0.41654300689697266,0.42392900586128235;846;0;1;563
2071;0.6834070086479187,0.35302799940109253;853;0;1;566
2072;0.872327983379364,0.41082900762557983;895;0;1;301
2073;0.8073359727859497,0.5171800255775452;896;0;1;301
2074;0.5749390125274658,0.3059549927711487;899;0;1;301
2075;0.08939670026302338,0.5483989715576172;900;0;1;301
2076;0.6334400177001953,0.38585200905799866;965;0;1;601
2077;0.5241159796714783,0.6125410199165344;966;0;1;601
2078;0.4276530146598816,0.8199359774589539;967;0;1;601
2079;0.5112540125846863,0.2749199867248535;968;0;1;602
2080;0.4550899863243103,0.5823349952697754;1141;0;1;300
2081;0.5898200273513794,0.34281501173973083;1142;0;1;300
2082;0.3453100025653839,0.664671003818512;1143;0;1;300
2083;0,0;1144;0;1;319
2084;0,0;1145;0;1;319
2085;0.4301399886608124,0.6272460222244263;1146;0;1;300
2086;0.4613969922065735,0.22035199403762817;1147;0;1;599
2087;0.551048994064331,0.3637700080871582;1148;0;1;613
2088;0.3782449960708618,0.6545119881629944;1153;0;1;613
2089;0.48491400480270386,0.3454880118370056;959;0;1;600
2090;0.5784919857978821,0.5506799817085266;971;0;1;610
2091;0.6630820035934448,0.7217739820480347;1122;0;1;599
2092;0.19533999264240265,0.7688170075416565;1123;0;1;596
2093;0.5475890040397644,0.5766379833221436;1128;0;1;612
2094;0.08649589866399765,0.5105419754981995;1133;0;1;609
2095;0.7138550281524658,0.5783129930496216;1138;0;1;606
2096;0.5224270224571228,0.5105540156364441;1139;0;1;574
2097;0.39841699600219727,0.5145120024681091;1140;0;1;575
2098;0.4987640082836151,0.1829420030117035;1391;0;1;666
2099;0.6096950173377991,0.45025500655174255;1426;0;1;661
2100;0.59517902135849,0.529666006565094;1427;0;1;668
2101;0.4839310050010681,0.5074160099029541;1447;0;1;667
2102;0.4969879984855652,0.3357990086078644;1225;0;1;593
2103;0.610929012298584,0.5912089943885803;1653;0;1;752
2104;0.7249749898910522,0.5616419911384583;1512;0;1;708
2105;0.506509006023407,0.31603899598121643;1830;0;1;808
2106;0.6569839715957642,0.23300300538539886;1207;0;1;620
2107;0.5580959916114807,0.35908499360084534;1208;0;1;620
2108;0.5976510047912598,0.12388300150632858;1209;0;1;620
2109;0.45010000467300415,0.8218569755554199;1210;0;1;621
2110;0.47005999088287354,0.8592820167541504;1211;0;1;543
2111;0.823477029800415,0.2836019992828369;1203;0;1;596
2112;0.7078319787979126,0.332832008600235;1216;0;1;593
2113;0.37428200244903564,0.4531640112400055;1672;0;1;756
2114;0.5222499966621399,0.45179200172424316;1392;0;1;664
2115;0.5115140080451965,0.5273730158805847;1618;0;1;172
2116;0.46371299028396606,0.4054799973964691;1619;0;1;172
2117;0.42833998799324036,0.5273730158805847;1620;0;1;172
2118;0.42833998799324036,0.5273730158805847;1621;0;1;172
2119;0.46371299028396606,0.6492660045623779;1622;0;1;172
2120;0.5325459837913513,0.3552890121936798;1623;0;1;173
2121;0.39105498790740967,0.5933380126953125;1624;0;1;186
2122;0.39105498790740967,0.869979977607727;1625;0;1;186
2123;0.21992699801921844,0.5501909852027893;1626;0;1;187
2124;0.690500020980835,0.5501909852027893;1627;0;1;187
2125;0.515421986579895,0.21605999767780304;1628;0;1;188
2126;0.1989780068397522,0.6548740267753601;1629;0;1;190
2127;0.1989780068397522,0.41825899481773376;1630;0;1;190
2128;0.13110099732875824,0.5329819917678833;1631;0;1;190
2129;0.5201600193977356,0.14149099588394165;1632;0;1;190
2130;0.5115990042686462,0.435467004776001;1633;0;1;191
2131;0.7668139934539795,0.7366780042648315;1634;0;1;190
2132;0.3663249909877777,0.2318979948759079;1635;0;1;189
2133;0.49929600954055786,0.5287430286407471;1636;0;1;192
2134;0.49330800771713257,0.3867120146751404;1637;0;1;147
2135;0.3833650052547455,0.2662529945373535;1638;0;1;147
2136;0.5458459854125977,0.2648189961910248;1639;0;1;147
2137;0.48861101269721985,0.14149199426174164;1640;0;1;147
2138;0.15695500373840332,0.5644059777259827;1641;0;1;148
2139;0.37206000089645386,0.1335809975862503;1642;0;1;148
2140;0.512594997882843,0.5715749859809875;1643;0;1;149
2141;0.6703799962997437,0.6389740109443665;1644;0;1;149
2142;0.7220050096511841,0.4855329990386963;1645;0;1;149
2143;0.5336689949035645,0.22884100675582886;1646;0;1;149
2144;0.4361959993839264,0.41239699721336365;1647;0;1;151
2145;0.5671280026435852,0.6029970049858093;1648;0;1;150
2146;0.6837630271911621,0.39936399459838867;1649;0;1;150
2147;0.7928329706192017,0.45822200179100037;1650;54460;1;148
2148;0.6723700165748596,0.30988600850105286;1651;0;1;248
2149;0.49135398864746094,0.5357879996299744;1652;0;1;200
2150;0.3314320147037506,0.6140679717063904;1744;0;1;779
2151;0.6506019830703735,0.5105419754981995;1163;0;1;609
2152;0.42787599563598633,0.46198800206184387;1783;0;1;449
2153;0.28922200202941895,0.33639800548553467;1185;0;1;593
2154;0.49897998571395874,0.6795910000801086;1186;0;1;593
2155;0.4740149974822998,0.7674729824066162;1155;0;1;596
2156;0.3308759927749634,0.48533400893211365;1521;0;1;232
2157;0.315093994140625,0.6896229982376099;1522;0;1;232
2158;0.5584059953689575,0.8526170253753662;1523;0;1;232
2159;0.5239260196685791,0.7763199806213379;1524;0;1;232
2160;0.8283020257949829,0.8254719972610474;1525;0;1;232
2161;0.6886799931526184,0.576416015625;1526;0;1;232
2162;0.841509997844696,0.6528310179710388;1527;0;1;232
2163;0.5622649788856506,0.5339630246162415;1528;0;1;232
2164;0.7889180183410645,0.7361479997634888;1168;0;1;574
2165;0.47106099128723145,0.21539799869060516;1452;0;1;534
2166;0.41928499937057495,0.6024379730224609;1529;0;1;287
2167;0.4596770107746124,0.5349460244178772;1154;0;1;597
2168;0.7711589932441711,0.23253999650478363;1664;0;1;754
2169;0.33281901478767395,0.2753709852695465;1530;0;1;287
2170;0.5057510137557983,0.6174759864807129;1531;0;1;289
2171;0.46439799666404724,0.42950698733329773;1532;0;1;289
2172;0.3491100072860718,0.20958299934864044;1533;0;1;289
2173;0.3553760051727295,0.37123700976371765;1534;0;1;290
2174;0.39422300457954407,0.7264999747276306;1535;0;1;290
2175;0.7037460207939148,0.72461998462677;1536;0;1;290
2176;0.5635070204734802,0.3574340045452118;1537;0;1;247
2177;0.5840200185775757,0.4912799894809723;1538;0;1;247
2178;0.32863500714302063,0.36051100492477417;1539;0;1;247
2179;0.6978660225868225,0.620510995388031;1540;0;1;247
2180;0.6168410181999207,0.9051259756088257;1541;0;1;247
2181;0.42914900183677673,0.6958950161933899;1542;0;1;247
2182;0.45786601305007935,0.5220490097999573;1543;0;1;320
2183;0.44555899500846863,0.33589598536491394;1544;0;1;319
2184;0.6229950189590454,0.21897299587726593;1545;0;1;319
2185;0.4353030025959015,0.5035880208015442;1546;0;1;319
2186;0.28453299403190613,0.49743399024009705;1547;0;1;319
2187;0.721455991268158,0.1789730042219162;1548;0;1;319
2188;0.6065840125083923,0.6974340081214905;1549;0;1;319
2189;0.3019689917564392,0.8189719915390015;1550;0;1;319
2190;0.5706869959831238,0.6251260042190552;1551;0;1;321
2191;0.596409022808075,0.28769299387931824;1552;0;1;350
2192;0.45281898975372314,0.8261539936065674;1553;0;1;350
2193;0.2712799906730652,0.6353849768638611;1554;0;1;352
2194;0.834384024143219,0.5000420212745667;1555;0;1;353
2195;0.1810230016708374,0.3507699966430664;1556;0;1;353
2196;0.4948689937591553,0.3661549985408783;1557;0;1;358
2197;0.7164070010185242,0.260001003742218;1559;0;1;359
2198;0.5256379842758179,0.6969239711761475;1560;0;1;360
2199;0.3594839870929718,0.41846200823783875;1561;0;1;362
2200;0.3594839870929718,0.6169229745864868;1562;0;1;363
2201;0.5143560171127319,0.3092310130596161;1563;0;1;366
2202;0.5502550005912781,0.5707690119743347;1564;0;1;330
2203;0.19948600232601166,0.2830770015716553;1565;0;1;330
2204;0.6917949914932251,0.7430769801139832;1566;0;1;331
2205;0.3635900020599365,0.8476920127868652;1567;0;1;332
2206;0.40256398916244507,0.5815380215644836;1568;0;1;332
2207;0.41794899106025696,0.25538501143455505;1569;0;1;332
2208;0.5041030049324036,0.17692400515079498;1570;0;1;332
2209;0.5964099764823914,0.260001003742218;1571;0;1;332
2210;0.7225630283355713,0.589231014251709;1572;0;1;332
2211;0.5010259747505188,0.5876920223236084;1573;0;1;334
2212;0.26407501101493835,0.49068599939346313;1574;0;1;334
2213;0.7400000095367432,0.4892300069332123;1575;0;1;334
2214;0.5009989738464355,0.13846099376678467;1576;0;1;334
2215;0.12769199907779694,0.6338459849357605;1577;0;1;329
2216;0.08564069867134094,0.6815379858016968;1578;0;1;329
2217;0.4241029918193817,0.3584609925746918;1579;0;1;329
2218;0.35743600130081177,0.37846100330352783;1580;0;1;329
2219;0.772819995880127,0.2830759882926941;1581;0;1;329
2220;0.4394870102405548,0.18765099346637726;1582;0;1;340
2221;0.6630759835243225,0.4738459885120392;1583;0;1;339
2222;0.4097430109977722,0.8892300128936768;1584;0;1;341
2223;0.3943580090999603,0.1184609979391098;1585;0;1;343
2224;0.5399990081787109,0.47692200541496277;1586;0;1;342
2225;0.6138439774513245,0.8507680296897888;1587;0;1;342
2226;0.6753829717636108,0.3676910102367401;1588;0;1;344
2227;0.4733319878578186,0.43845999240875244;1589;0;1;345
2228;0.5276910066604614,0.7046129703521729;1590;0;1;346
2229;0.3061540126800537,0.5107690095901489;1591;0;1;335
2230;0.658972978591919,0.8646150231361389;1592;0;1;335
2231;0.7276909947395325,0.8261529803276062;1593;0;1;335
2232;0.6415659785270691,0.32100000977516174;1594;0;1;335
2233;0.4671800136566162,0.23846200108528137;1595;0;1;336
2234;0.46000000834465027,0.6169229745864868;1596;0;1;336
2235;0.49334999918937683,0.16873799264431;1597;0;1;156
2236;0.6271929740905762,0.5530589818954468;1598;0;1;156
2237;0.3632889986038208,0.5516250133514404;1599;0;1;156
2238;0.6271510124206543,0.36376699805259705;1600;0;1;156
2239;0.3069249987602234,0.469884991645813;1601;0;1;163
2240;0.4417249858379364,0.3608990013599396;1602;0;1;163
2241;0.6864659786224365,0.15296399593353271;1603;0;1;163
2242;0.34612199664115906,0.5645310282707214;1604;0;1;165
2243;0.49817198514938354,0.4569779932498932;1605;0;1;165
2244;0.7601649761199951,0.28352299332618713;1606;0;1;165
2245;0.4274689853191376,0.45990899205207825;1607;0;1;164
2246;0.6750779747962952,0.5961419939994812;1608;0;1;164
2247;0.301272988319397,0.7682250142097473;1609;0;1;164
2248;0.5411919951438904,0.41688698530197144;1610;0;1;162
2249;0.6157619953155518,0.5315470099449158;1611;0;1;162
2250;0.4629240036010742,0.43827199935913086;1612;0;1;162
2251;0.2658570110797882,0.14579200744628906;1613;0;1;162
2252;0.5651329755783081,0.6750140190124512;1614;0;1;167
2253;0.3653239905834198,0.2232930064201355;1615;0;1;167
2254;0.5057359933853149,0.47705501317977905;1616;0;1;155
2255;0.384321004152298,0.49856600165367126;1617;0;1;141
2256;0.47845399379730225,0.29847899079322815;1667;0;1;786
2257;0.40634000301361084,0.41570600867271423;1688;0;1;732
2258;0.6682419776916504,0.25597700476646423;1696;0;1;732
2259;0.309798002243042,0.5648419857025146;1702;0;1;732
2260;0.5532320141792297,0.5019009709358215;1703;0;1;777
2261;0.3226349949836731,0.6096370220184326;1706;0;1;764
2262;0.37186399102211,0.8239240050315857;1202;0;1;597
2263;0.5778099894523621,0.5367439985275269;1492;0;1;713
2264;0.48284998536109924,0.4709770083427429;1160;0;1;576
2265;0.39336898922920227,0.20564499497413635;1161;0;1;597
2266;0.33243700861930847,0.4314509928226471;1162;0;1;596
2267;0.5461099743843079,0.6837180256843567;1480;0;1;713
2268;0.3902199864387512,0.38772499561309814;1227;0;1;617
2269;0.48502999544143677,0.24550999701023102;1228;0;1;618
2270;0.46007999777793884,0.4625749886035919;1229;0;1;618
2271;0.15070000290870667,0.48502999544143677;1234;0;1;618
2272;0.3915660083293915,0.6144570112228394;1518;0;1;751
2273;0.3702099919319153,0.7484549880027771;1195;0;1;610
2274;0.5086529850959778,0.16440099477767944;1196;0;1;610
2275;0.45302799344062805,0.7521629929542542;1197;0;1;615
2276;0.3139309883117676,0.40397098660469055;1673;0;1;731
2277;0.29357200860977173,0.5148329734802246;1394;0;1;668
2278;0.4596540033817291,0.5;1490;0;1;713
2279;0.68299800157547,0.5129680037498474;1491;0;1;713
2280;0.47106099128723145,0.7845680117607117;1262;0;1;542
2281;0.6547859907150269,0.47099098563194275;1662;0;1;731
2282;0.7415779829025269,0.9202979803085327;1713;0;1;766
2283;0.48352301120758057,0.4828900098800659;1738;0;1;780
2284;0.5123609900474548,0.3349809944629669;1396;0;1;665
2285;0.5107769966125488,0.4801250100135803;1395;0;1;669
2286;0.453902006149292,0.5558919906616211;1665;0;1;731
2287;0.7406349778175354,0.46037501096725464;1686;0;1;732
2288;0.341499000787735,0.27737700939178467;1693;0;1;732
2289;0.5,0.5;1795;0;1;449
2290;0.17085100710391998,0.7006880044937134;1687;0;1;731
2291;0.24324600398540497,0.6103479862213135;1654;0;1;733
2292;0.4363290071487427,0.45472800731658936;1655;0;1;733
2293;0.415365993976593,0.19802799820899963;1731;0;1;764
2294;0.5309479832649231,0.56489497423172;1214;0;1;620
2295;0.4412829875946045,0.3992069959640503;1291;0;1;543
2296;0.6582319736480713,0.46121200919151306;1656;0;1;733
2297;0.8124099969863892,0.8567450046539307;1657;0;1;733
2298;0.40111199021339417,0.761434018611908;1433;0;1;666
2299;0.43367400765419006,0.5057399868965149;1425;0;1;661
2300;0.09431129693984985,0.5616409778594971;1663;0;1;708
2301;0.2934289872646332,0.3505060076713562;1749;0;1;449
2302;0.49529701471328735,0.5198469758033752;1737;0;1;772
2303;0.6757929921150208,0.6858789920806885;1694;0;1;732
2304;0.6001269817352295,0.3346010148525238;1750;0;1;787
2305;0.5139920115470886,0.17586499452590942;1711;0;1;732
2306;0.4500960111618042,0.18153700232505798;1697;0;1;732
2307;0.47262299060821533,0.4935159981250763;1695;0;1;711
2308;0.43510401248931885,0.6637179851531982;1769;0;1;449
2309;0.3940019905567169,0.396467000246048;1751;0;1;766
2310;0.6906329989433289,0.26705101132392883;1756;0;1;449
2311;0.5632709860801697,0.41742101311683655;1763;0;1;449
2312;0.3594839870929718,0.6169229745864868;1764;0;1;363
2313;0.5663719773292542,0.6747789978981018;1774;0;1;449
2314;0.6585869789123535,0.34470099210739136;1761;0;1;767
2315;0.2649959921836853,0.639277994632721;1762;0;1;768
2316;0.4531640112400055,0.8278570175170898;1835;0;1;809
2317;0.4276910126209259,0.45563098788261414;1770;0;1;449
2318;0.3640489876270294,0.4877850115299225;1789;0;1;449
2319;0.3153049945831299,0.666592001914978;1790;0;1;449
2320;0.8360729813575745,0.5;1825;0;1;812
2321;0.4943090081214905,0.5316600203514099;1796;0;1;449
2322;0.501118004322052,0.16610799729824066;1981;0;1;903
2323;0.5527390241622925,0.4391480088233948;1905;0;1;846
2324;0.5,0.5;1884;0;1;759
2325;0.8801159858703613,0.30921098589897156;1885;0;1;449
2326;0.45973700284957886,0.4568609893321991;1872;0;1;770
2327;0.2460850030183792,0.7265130281448364;1979;0;1;903
2328;0.40107500553131104,0.5919349789619446;2025;0;1;913
2329;0.5,0.5;2051;0;1;759
2330;0.17461000382900238,0.39153701066970825;1827;0;1;812
2332;0.6096490025520325,0.6118419766426086;1956;0;1;449
2333;0.32150599360466003,0.5274189710617065;1986;0;1;915
2334;0.4860309958457947,0.7058349847793579;1836;0;1;817
2335;0.5698450207710266,0.530813992023468;1818;0;1;819
2336;0.43548399209976196,0.5112900137901306;1985;0;1;911
2337;0.5049899816513062,0.1882539987564087;1873;0;1;854
2338;0.4129030108451843,0.5354840159416199;1987;0;1;909
2339;0.5164340138435364,0.8167669773101807;1819;0;1;807
2340;0.17789700627326965,0.3077250123023987;1820;0;1;812
2341;0.30536898970603943,0.367451012134552;1980;0;1;903
2342;0.24193599820137024,0.54032301902771;1984;0;1;917
2343;0.5189999938011169,0.5724999904632568;1903;0;1;852
2344;0.44995999336242676,0.16249999403953552;1867;0;1;850
2345;0.4588649868965149,0.6989309787750244;1856;0;1;851
2346;0.5283970236778259,0.23022300004959106;1878;0;1;849
2347;0.5319870114326477,0.5363659858703613;1838;0;1;822
2348;0.6219210028648376,0.3322159945964813;1982;0;1;903
2349;0.5,0.5;1883;0;1;759
2350;0.8003849983215332,0.49937400221824646;2004;0;1;914
2351;0.17789700627326965,0.3508630096912384;1826;0;1;812
2352;0.7275519967079163,0.5873950123786926;1992;0;1;909
2353;0.5879300236701965,0.20204399526119232;1896;0;1;852
2354;0.7279350161552429,0.44578298926353455;1898;0;1;856
2355;0.5962030291557312,0.6534780263900757;2010;0;1;929
2356;0.5162060260772705,0.8130189776420593;1983;0;1;916
2357;0.41182801127433777,0.46612900495529175;1997;0;1;910
2358;0.5243409872055054,0.5851929783821106;1906;0;1;847
2359;0.2712799906730652,0.6390830278396606;1837;0;1;811
2360;0.5024999976158142,0.26506099104881287;1897;0;1;853
2361;0.17634400725364685,0.5016130208969116;2009;0;1;914
2362;0.7322729825973511,0.4703420102596283;1817;0;1;818
2363;0.45100000500679016,0.5669999718666077;1862;0;1;850
2364;0.3595460057258606,0.2386309951543808;1829;0;1;808
2365;0.5229880213737488,0.46348899602890015;1904;0;1;849
2366;0.8477640151977539,0.8607339859008789;1861;0;1;851
2367;0.173117995262146,0.5220720171928406;2015;0;1;927
2368;0.5529999732971191,0.125;2036;0;1;934
2369;0.3493970036506653,0.48644599318504333;2030;0;1;934
2423;0.15296800434589386,0.18493199348449707;1997;0;0;909
2426;0.7122120261192322,0.5840839743614197;2102;0;1;936
2427;0.363864004611969,0.3558560013771057;2095;0;1;936
2428;0.29179200530052185,0.6441439986228943;2094;0;1;936
2429;0.4499500095844269,0.6081079840660095;2093;0;1;936
2436;0.5529999732971191,0.8299999833106995;2082;0;1;934
2437;0.3700000047683716,0.5899999737739563;2083;0;1;935
2451;0.6482419967651367,0.29044198989868164;2130;0;1;1041
2452;0.7298129796981812,0.5341619849205017;2131;0;1;1041
2499;0.510325014591217,0.5186910033226013;2097;0;1;974
2500;0.3736400008201599,0.6845790147781372;2098;0;1;977
2501;0.5206490159034729,0.8691580295562744;2099;0;1;979
2502;0.4026550054550171,0.6845790147781372;2096;0;1;980
2503;0.5149999856948853,0.20000000298023224;2126;0;1;1015
2505;0.30394700169563293,0.6923090219497681;2125;0;1;1015
2506;0.514365017414093,0.2585600018501282;2128;0;1;1018
2507;0.6757230162620544,0.4282050132751465;2127;0;1;1015
2526;0.4276910126209259,0.45563098788261414;2212;0;1;449
2527;0.4276910126209259,0.45563098788261414;2213;0;1;449
2528;0.4577690064907074,0.47583600878715515;2109;0;1;1010
2529;0.29579201340675354,0.2527880072593689;2114;0;1;1010
2530;0.5598160028457642,0.1988849937915802;2115;0;1;1010
2531;0.6895020008087158,0.3773219883441925;2116;0;1;1010
2628;0.13855299353599548,0.482248991727829;2172;0;1;1004
2629;0.8072310090065002,0.6859539747238159;2165;0;1;1004
2630;0.4367470145225525,0.7920269966125488;2170;0;1;1004
2631;0.5451809763908386,0.24067899584770203;2171;0;1;1004
2639;0.35241198539733887,0.41925498843193054;2158;0;1;1042
2641;0.4024380147457123,0.5372660160064697;2155;0;1;1040
2643;0.695123016834259,0.35403698682785034;2156;0;1;1040
2644;0.6863729953765869,0.7950310111045837;2142;0;1;1038
2645;0.37836799025535583,0.23771899938583374;2145;0;1;1043
2646;0.4511379897594452,0.30124199390411377;2144;0;1;1038
2647;0.4298270046710968,0.5124220252037048;2143;0;1;1038
2648;0.4795230031013489,0.5204650163650513;2157;0;1;1041
2650;0.46530699729919434,0.4068320095539093;2153;0;1;1039
2651;0.24677899479866028,0.3975149989128113;2154;0;1;1039
2671;0.654350996017456,0.48616600036621094;2146;0;1;1153
2672;0.5172410011291504,0.22332100570201874;2147;0;1;1155
2673;0.5255150198936462,0.3082999885082245;2166;0;1;1152
2674;0.507390022277832,0.43675899505615234;2167;0;1;1149
2675;0.524806022644043,0.30039599537849426;2168;0;1;1148
2676;0.38177400827407837,0.5098810195922852;2169;0;1;1151
2678;0.5172410011291504,0.8498029708862305;2194;0;1;1155
2679;0.5099999904632568,0.5320000052452087;2195;0;1;1154
2715;0.5776680111885071,0.2888199985027313;2132;924;1;1162
2716;0.5475670099258423,0.6024850010871887;2173;0;1;1162
2717;0.4790700078010559,0.7816380262374878;2134;0;1;1162
2718;0.5767310261726379,0.2888210117816925;2133;923;1;1162
2719;0.5248460173606873,0.9254649877548218;2140;0;1;1162
2731;0.5747900009155273,0.2549409866333008;2129;0;1;1029
2742;0.4754050076007843,0.6754299998283386;2330;0;1;1354
2743;0.49430200457572937,0.3176630139350891;2334;67521;1;1352
2744;0.4931110143661499,0.9415940046310425;2337;67521;1;1352
2745;0.42212700843811035,0.5142449736595154;2342;0;1;1353
2746;0.6539180278778076,0.23713800311088562;2343;0;1;1364
2747;0.4732159972190857,0.5740739703178406;2335;0;1;1357
2748;0.41501298546791077,0.6367509961128235;2325;923;1;1358
2749;0.49430200457572937,0.3119649887084961;2340;67523;1;1352
2750;0.4933040142059326,0.5210049748420715;2323;67523;1;1352
2751;0.49430200457572937,0.699720025062561;2344;67523;1;1352
2752;0.2955799996852875,0.3774929940700531;2333;923;1;1358
2753;0.48969900608062744,0.6637449860572815;2341;923;1;1358
2755;0.506289005279541,0.3742139935493469;2328;0;1;1345
2756;0.2672959864139557,0.5377359986305237;2332;0;1;1346
2758;0.21285699307918549,0.6505399942398071;2331;0;1;1497
2759;0.6535969972610474,0.4864189922809601;2348;0;1;1497
2760;0.4578309953212738,0.38704800605773926;2339;0;1;1494
2761;0.28011998534202576,0.7078049778938293;2336;0;1;1491
2762;0.6639360189437866,0.6491060256958008;2358;0;1;1490
2764;0.563755989074707,0.5977129936218262;2355;0;1;1490
2765;0.6094939708709717,0.40228700637817383;2360;0;1;1490
2766;0.5801659822463989,0.2733890116214752;2357;0;1;1490
2768;0.5,0.4840179979801178;2352;0;1;1512
2769;0.35692599415779114,0.19863000512123108;2347;0;1;1514
2770;0.4710809886455536,0.19178099930286407;2353;0;1;1513
2771;0.477169007062912,0.6826480031013489;2354;0;1;1513
2772;0.7496190071105957,0.4748860001564026;2351;0;1;1517
2773;0.4817349910736084,0.5182650089263916;2361;0;1;1520
2774;0.3371390104293823,0.4794520139694214;2359;0;1;1518
2775;0.17732100188732147,0.5114160180091858;2349;0;1;1519
2777;0.6422970294952393,0.6813570261001587;2364;0;1;1591
2779;0.48093199729919434,0.6719610095024109;2366;0;1;1597
2781;0.32734599709510803,0.5729029774665833;2373;0;1;1595
2785;0.19240200519561768,0.6084550023078918;2365;0;1;1581
2786;0.8357840180397034,0.6121309995651245;2369;0;1;1581
2787;0.5110300183296204,0.8033069968223572;2368;0;1;1581
2788;0.5036770105361938,0.5386030077934265;2372;0;1;1590
2789;0.4044109880924225,0.3878679871559143;2364;0;0;1582
2790;0.3296560049057007,0.30882298946380615;2372;0;0;1582
2791;0.534313976764679,0.4577209949493408;2377;0;1;1592
2793;0.735293984413147,0.5183820128440857;2377;0;0;1582
2794;0.3296560049057007,0.5091909766197205;2370;0;1;1593
2795;0.6482840180397034,0.5294110178947449;2370;0;0;1582
2796;0.5306379795074463,0.7481610178947449;2367;0;1;1594
2797;0.4816179871559143,0.2610290050506592;2375;0;1;1597
2798;0.528186023235321,0.2371319979429245;2368;0;0;1580
2799;0.4877449870109558,0.3180150091648102;2374;0;1;1596
2807;0.5700889825820923,0.3955659866333008;2395;0;1;1666
2808;0.6197609901428223,0.44012001156806946;2403;0;1;1674
2809;0.510837972164154,0.4382460117340088;2396;0;1;1668
2810;0.5249509811401367,0.7844319939613342;2404;0;1;1697
2811;0.5049899816513062,0.21556900441646576;2419;0;1;1674
2812;0.554889976978302,0.7544909715652466;2423;0;1;1674
2816;0.5080459713935852,0.5775859951972961;2410;0;1;1680
2817;0.8344820141792297,0.5793099999427795;2398;0;1;1677
2818;0.2528739869594574,0.484483003616333;2408;0;1;1679
2819;0.4839079976081848,0.6689649820327759;2409;0;1;1678
2820;0.5604490041732788,0.18134699761867523;2388;0;1;1675
2821;0.562175989151001,0.6994820237159729;2421;0;1;1676
2822;0.4775469899177551,0.8601040244102478;2415;0;1;1675
2823;0.15803100168704987,0.1735749989748001;2407;0;1;1676
2824;0.5296689867973328,0.5341429710388184;2406;0;1;1663
2825;0.26605600118637085,0.5410159826278687;2387;0;1;1663
2826;0.21248500049114227,0.5017179846763611;2411;0;1;1664
2827;0.14261199533939362,0.48797300457954407;2413;0;1;1665
2829;0.7558500170707703,0.18740299344062805;2400;0;1;1669
2830;0.4747990071773529,0.4862540066242218;2402;0;1;1669
2831;0.15406599640846252,0.7457050085067749;2405;0;1;1669
2832;0.43670400977134705,0.5708889961242676;2399;0;1;1693
2833;0.6363120079040527,0.44845399260520935;2416;0;1;1693
2834;0.5308939814567566,0.38293999433517456;2414;0;1;1694
2835;0.4558990001678467,0.6288660168647766;2412;0;1;1695
2836;0.20561300218105316,0.4037800133228302;2391;0;1;1666
2837;0.5091639757156372,0.3556700050830841;2392;0;1;1667
2838;0.5049899816513062,0.5209580063819885;2397;0;1;1683
2839;0.6947309970855713,0.6357390284538269;2401;0;1;1687
2840;0.5263460278511047,0.7663229703903198;2390;0;1;1684
2841;0.7139099836349487,0.6870629787445068;2389;0;1;1685
2842;0.46678099036216736,0.362542986869812;2417;0;1;1683
2845;0.5293610095977783,0.7461140155792236;2422;0;1;1746
2846;0.676164984703064,0.4948189854621887;2429;0;1;1735
2847;0.35837700963020325,0.3471499979496002;2428;0;1;1735
2848;0.5932639837265015,0.8108810186386108;2393;0;1;1735
2849;0.7022640109062195,0.8154879808425903;2394;0;1;1735
2850;0.26338499784469604,0.5181350111961365;2425;0;1;1747
2851;0.702072024345398,0.5466319918632507;2426;0;1;1750
2852;0.6537129878997803,0.23575100302696228;2418;0;1;1745
2853;0.5259069800376892,0.5233160257339478;2424;0;1;1747
2854;0.4913640022277832,0.5336790084838867;2424;0;0;1748
2855;0.36355799436569214,0.4430049955844879;2420;0;1;1744
2857;0.38554200530052185,0.3915660083293915;2436;0;1;1989
2858;0.752593994140625,0.44143301248550415;2437;0;1;1989
2860;0.47834399342536926,0.7440509796142578;2454;0;1;1989
2862;0.36445799469947815,0.15210799872875214;2452;0;1;1989
2864;0.48197001218795776,0.6619840264320374;2449;0;1;1996
2866;0.5573469996452332,0.6792119741439819;2454;0;0;1990
2867;0.08818349987268448,0.542119026184082;2455;0;1;1989
2868;0.3449139893054962,0.5317220091819763;2455;0;0;1993
2869;0.3366659879684448,0.5446869730949402;2451;0;1;1989
2870;0.43072301149368286,0.36445799469947815;2452;0;0;1992
2871;0.5843380093574524,0.34638598561286926;2436;0;0;1991
2872;0.590362012386322,0.4231930077075958;2448;0;0;1997
2873;0.4832659959793091,0.18484100699424744;2448;0;1;1995
2875;0.5748800039291382,0.7028989791870117;2447;0;1;2001
2876;0.6428580284118652,0.1579670011997223;2446;0;1;2001
2877;0.2967030107975006,0.5223479866981506;2440;0;1;2001
2878;0.6630039811134338,0.2965799868106842;2443;0;1;2000
2879;0.8882790207862854,0.3568960130214691;2444;0;1;2000
2880;0.5348809957504272,0.7156599760055542;2445;0;1;2000
2881;0.46711501479148865,0.9423080086708069;2442;0;1;1999
2883;0.51664799451828,0.5313469767570496;2441;0;1;2002
2884;0.4221610128879547,0.19267700612545013;2439;0;1;1999
2885;0.5449540019035339,0.4930090010166168;2435;0;1;1998
2892;0.40537500381469727,0.5185109972953796;2469;0;1;2050
2895;0.595641016960144,0.47275999188423157;2457;0;1;2052
2896;0.3765130043029785,0.4963679909706116;2467;0;1;2052
2897;0.14406700432300568,0.6961249709129333;2465;0;1;2061
2898;0.5217909812927246,0.4328089952468872;2459;0;1;2048
2899;0.4430989921092987,0.7760279774665833;2463;0;1;2061
2900;0.39467400312423706,0.4437049925327301;2470;0;1;2061
2901;0.6440680027008057,0.22397099435329437;2461;0;1;2049
2902;0.5048450231552124,0.474355012178421;2464;0;1;2051
2903;0.32566601037979126,0.7033889889717102;2460;0;1;2049
2904;0.5326880216598511,0.519976019859314;2458;0;1;2047
2907;0.3510200083255768,0.38775500655174255;2477;0;1;2093
2908;0.32823100686073303,0.6964280009269714;2478;0;1;2093
2909;0.5343490242958069,0.7704079747200012;2497;0;1;2093
2910;0.7214229702949524,0.5127549767494202;2498;0;1;2093
2912;0.7836359739303589,0.8563629984855652;2475;0;1;2071
2913;0.5945450067520142,0.6399999856948853;2487;0;1;2071
2914;0.3060609996318817,0.7054539918899536;2484;0;1;2071
2915;0.21515199542045593,0.25636398792266846;2476;0;1;2071
2916;0.40424299240112305,0.26909101009368896;2479;0;1;2072
2921;0.37257298827171326,0.5400480031967163;2492;0;1;2073
2922;0.5893279910087585,0.8162660002708435;2473;0;1;2096
2923;0.338591992855072,0.6565529704093933;2489;0;1;2081
2924;0.43190398812294006,0.6656550168991089;2490;0;1;2080
2925;0.6685540080070496,0.6363250017166138;2494;0;1;2080
2926;0.5217090249061584,0.8693349957466125;2501;0;1;2080
2930;0.590362012386322,0.2966879904270172;2472;0;1;2096
2931;0.6140779852867126,0.3889560103416443;2488;0;1;2095
2932;0.4004859924316406,0.4271849989891052;2485;0;1;2094
2933;0.20752400159835815,0.18143199384212494;2503;0;1;2094
2935;0.3567970097064972,0.5254849791526794;2483;0;1;2076
2936;0.7603549957275391,0.5527909994125366;2505;0;1;2075
2937;0.5230579972267151,0.5254849791526794;2508;0;1;2077
2938;0.3603009879589081,0.4057469964027405;2471;0;1;2096
2939;0.5327669978141785,0.49818000197410583;2474;0;1;2106
2952;0.617684006690979,0.6062049865722656;2514;0;1;2099
2955;0.6164649724960327,0.35341399908065796;2504;0;1;2082
2956;0.5401610136032104,0.8574299812316895;2507;0;1;2083
2957;0.31124499440193176,0.8172690272331238;2510;0;1;2083
2958;0.42904898524284363,0.4759039878845215;2511;0;1;2083
2959;0.3035770058631897,0.35743001103401184;2509;0;1;2097
2960;0.5632830262184143,0.41767099499702454;2512;0;1;2097
2961;0.4678710103034973,0.3694779872894287;2495;0;1;2098
2964;0.572288990020752,0.2078309953212738;2480;0;1;2119
2965;0.4357430040836334,0.7048199772834778;2486;0;1;2120
2966;0.5602409839630127,0.5150600075721741;2502;0;1;2121
2967;0.21686699986457825,0.7590370178222656;2500;0;1;2122
2968;0.28714901208877563,0.3584330081939697;2482;0;1;2122
2969;0.5100399851799011,0.5210840106010437;2493;0;1;2126
2970;0.5562250018119812,0.6084340214729309;2499;0;1;2125
2971;0.5140560269355774,0.5090360045433044;2491;0;1;2124
3009;0.5131800174713135,0.7224040031433105;2522;0;1;2166
3010;0.4901149868965149,0.7125189900398254;2520;0;1;2170
3011;0.5082370042800903,0.2850080132484436;2523;0;1;2169
3012;0.4258649945259094,0.35420098900794983;2524;0;1;2168
3013;0.6746309995651245,0.21828700602054596;2525;0;1;2166
3014;0.5131800174713135,0.46787500381469727;2527;0;1;2166
3015;0.44398701190948486,0.6359140276908875;2529;0;1;2167
3016;0.35008299350738525,0.23064200580120087;2530;0;1;2166
3017;0.5131800174713135,0.24546900391578674;2532;0;1;2166
3032;0.5078889727592468,0.5650889873504639;2538;0;1;2194
3033;0.5049309730529785,0.5428990125656128;2533;0;1;2197
3034;0.4881660044193268,0.5399410128593445;2536;0;1;2196
3035;0.6755419969558716,0.585798978805542;2528;0;1;2191
3036;0.35996100306510925,0.35503000020980835;2535;0;1;2194
3037;0.45167699456214905,0.7840240001678467;2537;0;1;2194
3038;0.4211040139198303,0.46153900027275085;2526;0;1;2195
3039;0.5769230127334595,0.6612430214881897;2521;0;1;2190
3040;0.503944993019104,0.547336995601654;2534;0;1;2197
3047;0.5094850063323975,0.40040698647499084;2564;0;1;2232
3048;0.5081300139427185,0.2560980021953583;2554;0;1;2232
3049;0.5501350164413452,0.5894309878349304;2557;0;1;2244
3050;0.36720898747444153,0.31910601258277893;2553;0;1;2244
3051;0.43360400199890137,0.6117889881134033;2555;0;1;2240
3052;0.6219499707221985,0.3109759986400604;2556;0;1;2240
3053;0.5040649771690369,0.33536601066589355;2563;0;1;2233
3055;0.38346800208091736,0.8841450214385986;2565;0;1;2234
3057;0.501354992389679,0.5264229774475098;2565;0;0;2237
3058;0.5663949847221375,0.5325199961662292;2519;0;1;2238
3074;0.2249000072479248,0.204818993806839;2569;0;1;2303
3075;0.4156630039215088,0.4126499891281128;2559;0;1;2303
3076;0.4156630039215088,0.866008996963501;2560;0;1;2303
3077;0.8182740211486816,0.748494029045105;2561;120175;1;2303
3078;0.2249000072479248,0.4307219982147217;2561;120176;0;2303
3083;0.3652696907520294,0.6122754812240601;2613;54459;1;291
3097;0.40518978238105774,0.6871258020401001;2617;0;1;293
3099;0.6891099810600281,0.1645839959383011;2618;0;1;293
3101;0.8562617897987366,0.7470060586929321;2619;0;1;293
3103;0.3652696907520294,0.6122754812240601;2624;54460;1;291
3105;0.5019960403442383,0.8682636022567749;2623;54460;1;291
3107;0.12475066632032394,0.7589820623397827;2622;54460;1;292
3109;0.6047908663749695,0.38772451877593994;2621;54460;1;292
3111;0.6047908663749695,0.455089807510376;2620;54460;1;292
3113;0.5274350047111511,0.7633739709854126;2588;0;1;2335
3114;0.41320300102233887,0.23662599921226501;2587;0;1;2335
3115;0.44512999057769775,0.5213220119476318;2586;0;1;2335
3116;0.5493829846382141,0.5288069844245911;2589;0;1;2335
3119;0.5323590040206909,0.3879069983959198;2607;0;1;2292
3120;0.4355109930038452,0.6926990151405334;2611;0;1;2291
3121;0.5905060172080994,0.3010160028934479;2599;0;1;2293
3122;0.3945240080356598,0.5953350067138672;2609;0;1;2292
3123;0.5540900230407715,0.7697780132293701;2612;0;1;2294
3124;0.24726000428199768,0.4731450080871582;2601;0;1;2294
3125;0.4779999852180481,0.5460249781608582;2602;0;1;2295
3126;0.4071129858493805,0.5290259718894958;2608;0;1;2294
3128;0.5019959807395935,0.8682640194892883;2626;54459;1;291
3130;0.5149999856948853,0.30000001192092896;2627;0;1;293
3132;0.1247510015964508,0.7589820027351379;2628;54459;1;292
3134;0.5517899990081787,0.25361698865890503;2629;54459;1;292
3136;0.6075839996337891,0.37481001019477844;2630;54459;1;292
3138;0.6075839996337891,0.4489220082759857;2631;54459;1;292
3140;0.6762539744377136,0.40168601274490356;2632;54459;1;292
3142;0.5,0.47005999088287354;2600;0;1;2344
3143;0.5009980201721191,0.784430980682373;2596;0;1;2344
3144;0.5998010039329529,0.2679640054702759;2594;0;1;2343
3145;0.7045919895172119,0.4880239963531494;2595;0;1;2343
3146;0.37107399106025696,0.5462809801101685;2571;0;1;2308
3147;0.2542699873447418,0.5743799805641174;2573;0;1;2309
3148;0.8393939733505249,0.48677700757980347;2570;0;1;2309
3149;0.4980280101299286,0.5059170126914978;2566;0;1;2316
3150;0.5571990013122559,0.627219021320343;2567;0;1;2319
3151;0.5729780197143555,0.5502960085868835;2568;0;1;2320
3152;0.558102011680603,0.684050977230072;2633;0;1;317
3158;0.3286939859390259,0.38115599751472473;482;0;1;219
3162;0.535709023475647,0.41828998923301697;2572;0;1;2341
3163;0.8020910024642944,0.32515400648117065;2579;0;1;2341
3164;0.21953000128269196,0.7469710111618042;2590;0;1;2341
3165;0.5379559993743896,0.7548859715461731;2582;0;1;2341
3170;0.678242027759552,0.2837499976158142;2583;0;1;2357
3171;0.1697240024805069,0.39777201414108276;2584;0;1;2357
3172;0.4685479998588562,0.5589780211448669;2585;0;1;2358
3173;0.44181400537490845,0.23668700456619263;2580;127589;1;2359
3174;0.34425801038742065,0.4954630136489868;2581;127234;1;2359
3175;0.3984220027923584,0.45857998728752136;2593;127223;1;2359
3183;0.5776680111885071,0.2888199985027313;2654;924;1;1162
3187;0.4449000060558319,0.7335749864578247;2663;0;1;2363
3189;0.25136598944664,0.5348359942436218;2664;0;1;2363
3191;0.46261999011039734,0.4638560116291046;2665;0;1;2363
3193;0.4864470064640045,0.3500500023365021;2666;0;1;2362
3195;0.5382509827613831,0.24795100092887878;2667;0;1;2362
3197;0.6667919754981995,0.17298899590969086;2668;0;1;2362
3199;0.8123260140419006,0.118988998234272;2669;0;1;2362
3201;0.9098359942436218,0.11885199695825577;2670;0;1;2362
3305;0.5060240030288696,0.1882530003786087;2640;0;1;2406
3306;0.4728910028934479,0.4593369960784912;2639;0;1;2406
3307;0.36445701122283936,0.18980400264263153;2641;0;1;2406
3308;0.5662649869918823,0.7936750054359436;2642;0;1;2406
3309;0.2891559898853302,0.7891579866409302;2653;0;1;2406
3311;0.5271090269088745,0.7801210284233093;2646;0;1;2409
3312;0.5120480060577393,0.7620480060577393;2645;0;1;2411
3313;0.5,0.49096399545669556;2644;0;1;2408
3315;0.6499999761581421,0.6700000166893005;2649;0;1;2387
3316;0.3050000071525574,0.5950000286102295;2648;0;1;2387
3317;0.512499988079071,0.7300000190734863;2650;0;1;2387
3318;0.6520000100135803,0.8100000023841858;2651;0;1;2388
3322;0.7247639894485474,0.7444040179252625;2711;0;1;2427
3341;0.5,0.5;2773;0;1;2348
3353;0.5662689805030823,0.4465560019016266;2676;0;1;2449
3354;0.2577190101146698,0.357122004032135;2677;0;1;2449
3355;0.6140149831771851,0.842041015625;2675;0;1;2449
3360;0.8478249907493591,0.48616600036621094;2691;0;1;2467
3361;0.6449260115623474,0.4841899871826172;2687;0;1;2464
3362;0.5342550277709961,0.37944701313972473;2747;0;1;2465
3363;0.6383389830589294,0.648222029209137;2686;0;1;2462
3364;0.4986819922924042,0.5573130249977112;2690;0;1;2466
3365;0.7687739729881287,0.2667990028858185;2684;0;1;2460
3366;0.5118569731712341,0.7905160188674927;2685;0;1;2461
3367;0.35375499725341797,0.7075120210647583;2688;0;1;2465
3401;0.8316220045089722,0.5075280070304871;2655;0;1;2494
3402;0.6747170090675354,0.5355730056762695;2658;0;1;2499
3403;0.5246260166168213,0.8856499791145325;2656;0;1;2497
3404;0.7049890160560608,0.5149649977684021;2657;0;1;2498
3429;0.7773680090904236,0.5907880067825317;2811;0;1;2501
3430;0.7773680090904236,0.10076399892568588;2812;0;1;2501
3431;0.5221459865570068,0.6861299872398376;2810;0;1;2501
3432;0.454818993806839,0.2921690046787262;2679;0;1;2433
3433;0.30421701073646545,0.5045179724693298;2680;0;1;2435
3434;0.5572289824485779,0.8930730223655701;2681;0;1;2434
3435;0.4728910028934479,0.21536199748516083;2682;0;1;2434
3436;0.4728910028934479,0.5135539770126343;2738;0;1;2530
3437;0.39851701259613037,0.6850119829177856;2733;0;1;2529
3438;0.4257439970970154,0.35204699635505676;2734;0;1;2529
3439;0.6565859913825989,0.7644169926643372;2736;0;1;2529
3440;0.5543829798698425,0.4606190025806427;2735;0;1;2529
3441;0.7587890028953552,0.1736990064382553;2737;0;1;2529
3442;0.5103139877319336,0.30168798565864563;2739;0;1;2533
3443;0.5103139877319336,0.44092801213264465;2740;0;1;2534
3445;0.4738059937953949,0.2106969952583313;2778;0;1;2513
3446;0.45610401034355164,0.6859300136566162;2776;0;1;2514
3447;0.4286690056324005,0.23662599921226501;2777;0;1;2514
3452;0.825302004814148,0.4638560116291046;2012;0;1;930
3460;0.5207740068435669,0.2535409927368164;2769;0;1;2500
3461;0.5283290147781372,0.5736550092697144;2770;0;1;2500
3462;0.8758260011672974,0.4263460040092468;2771;0;1;2500
3463;0.42256900668144226,0.5;2772;0;1;2500
3470;0.5132070183753967,0.5769230127334595;2795;0;1;2532
3472;0.5023599863052368,0.5049039721488953;2662;0;1;2520
3473;0.5294979810714722,0.4840709865093231;2659;0;1;2511
3474;0.459881991147995,0.6575220227241516;2660;0;1;2511
3475;0.5589969754219055,0.3336290121078491;2661;0;1;2516
3483;0.6736329793930054,0.5836009979248047;2869;0;1;2266
3497;0.22250300645828247,0.3705579936504364;2813;0;1;2556
3500;0.5135359764099121,0.27918699383735657;2815;0;1;2556
3501;0.8181059956550598,0.34771499037742615;2814;0;1;2556
3502;0.492000013589859,0.410180002450943;2791;0;1;2572
3503;0.48500001430511475,0.8594009876251221;2792;0;1;2573
3504;0.4846999943256378,0.3621860146522522;2793;0;1;2573
