ID;Name_lang;Description_lang;JournalEncounterID;CreatureDisplayInfoID;FileDataID;OrderIndex;UiModelSceneID
358;Glubtok;;89;37410;522228;0;9
359;Helix Gearbreaker;;90;33002;522234;0;9
360;Foe Reaper 5000;;91;35606;522225;0;9
361;Admiral Ripsnarl;;92;35739;522189;0;9
362;"""Captain"" Cookie";;93;1305;522210;0;9
365;Vanessa VanCleef;;95;32806;522278;0;9
366;Baron Ashbury;;96;34610;522205;0;9
367;Baron Silverlaine;;97;37288;522206;0;9
368;Commander Springvale;;98;37287;522213;0;9
369;Lord Walden;;99;34612;522249;0;9
370;Lord Godfrey;;100;34611;522247;0;9
371;Lady Naz'jar;;101;34342;522245;0;9
372;Commander Ulthok;;102;84332;522214;0;9
373;Mindbender Ghur'sha;;103;32259;522253;0;9
374;Ozumat;;104;34135;522259;0;9
375;Rom'ogg Bonecrusher;;105;33147;522266;0;9
376;Corla, Herald of Twilight;;106;31546;522216;0;9
377;Karsh Steelbender;;107;31710;522244;0;9
378;Beauty;;108;34433;522207;0;9
379;Ascendant Lord Obsidius;;109;36465;522201;0;9
380;Corborus;;110;33477;522215;0;9
381;Slabhide;;111;36476;522271;0;9
382;Ozruk;;112;36475;522258;0;9
383;High Priestess Azil;;113;26448;522237;0;9
384;Grand Vizier Ertan;;114;35181;522229;0;9
385;Altairus;;115;34265;522192;0;9
386;Asaad;;116;35388;522200;0;9
387;General Husam;;117;34743;523205;0;9
388;Augh;;118;37339;522203;1;9
389;Lockmaw;;118;33438;522246;0;9
390;High Prophet Barim;;119;34744;522239;0;9
394;Siamat;;122;35388;522269;0;9
424;Temple Guardian Anhuur;;124;35067;522272;0;9
425;Earthrager Ptah;;125;31450;522219;0;9
426;Anraphet;;126;34580;522195;0;65
427;Isiset;;127;33465;522241;0;66
428;Ammunae;;128;32943;522194;0;66
429;Setesh;;129;33055;522267;0;66
430;Rajh;;130;33177;522262;0;66
431;General Umbriss;;131;31498;522227;0;9
432;Forgemaster Throngus;;132;33429;522226;0;66
433;Dragha Shadowburner;;133;31792;522218;0;9
434;Valiona;;133;31795;522276;1;9
435;Erudax;;134;33428;522222;0;9
463;Argaloth;;139;35426;522198;0;9
464;Occu'thar;;140;37876;523207;0;9
555;Nezir;Lord of the North Wind;154;35232;522256;1;9
556;Anshal;Lord of the West Wind;154;35233;522196;0;9
557;Rohash;Lord of the East Wind;154;35234;522265;2;9
558;Al'akir;;155;35248;522191;0;9
559;Halfus Wyrmbreaker;;156;34816;522232;0;66
560;Valiona;;157;34812;522277;1;9
561;Theralion;;157;34813;522274;0;9
562;Terrastra;Ascendant Councillor of Earth;158;34824;522273;3;9
563;Elementium Monstrosity;The combined Ascendant Councillors;158;34825;522221;4;9
564;Ignacious;Ascendant Councillor of Flame;158;34821;522240;1;9
565;Feludius;Ascendant Councillor of Water;158;34822;522224;0;9
566;Arion;Ascendant Councillor of Air;158;34823;522199;2;9
587;Cho'gall;;167;34576;522212;0;9
588;Sinestra;;168;34335;522270;0;9
589;Electron;;169;32688;522220;2;9
590;Toxitron;;169;32684;522275;3;9
591;Magmatron;;169;32685;522250;0;9
592;Arcanotron;;169;32687;522197;1;9
593;Magmaw;;170;37993;522251;0;9
594;Atramedes;;171;34547;522202;0;9
595;Chimaeron;;172;33308;522211;0;9
596;Maloriak;;173;33186;522252;0;9
599;Onyxia;;174;32569;522257;1;9
600;Nefarian;;174;32716;522255;0;9
601;High Priest Venoxis;;175;37788;522236;0;9
602;Bloodlord Mandokir;;176;37816;522209;0;9
603;Gri'lek;;177;8390;522230;0;9
604;Hazza'rah;;178;37832;522233;0;9
605;Renataki;;179;37830;522263;0;9
606;Wushoolay;;180;37831;522279;0;9
607;High Priestess Kilnara;;181;37805;522238;0;9
616;Zanzil;;184;37813;522280;0;9
617;Jin'do the Godbreaker;;185;37789;522243;0;9
618;Akil'zon;;186;21630;522190;0;9
619;Nalorakk;;187;21631;522254;0;9
620;Jan'alai;;188;21633;522242;0;9
621;Halazzi;;189;21632;522231;0;9
622;Hex Lord Malacrass;;190;22332;522235;0;9
623;Daakara;;191;38118;522217;0;9
624;Beth'tilac;;192;38227;522208;0;9
625;Lord Rhyolith;;193;38414;522248;0;9
626;Alysrazor;;194;38446;522193;0;9
627;Shannox;;195;38448;522268;0;9
628;Majordomo Staghelm;;197;37953;522223;0;9
629;Ragnaros;;198;37875;522261;0;280
630;Lumbering Oaf;;90;33003;523206;1;9
770;Baleroc;;196;38621;522204;0;9
817;Echo of Tyrande;;283;39617;571749;0;9
827;Murozond;The Lord of the Infinite;289;38931;536059;0;9
855;Deathwing;;318;35268;536056;0;9
856;Hagara the Stormbinder;;317;39318;536057;0;9
862;Arcurion;;322;35978;571743;0;9
864;Echo of Sylvanas;;323;38655;571748;0;9
865;Queen Azshara;;291;39391;571747;0;9
867;Warlord Zon'ozz;;324;39138;536061;0;9
875;Ultraxion;;331;39099;571750;0;9
876;Yor'sahj the Unsleeping;;325;39101;536062;0;9
877;Warmaster Blackhorn;;332;39399;571752;0;9
881;Morchok;;311;39094;536058;0;9
895;Peroth'arn;;290;39182;536060;0;9
896;Alizabal;;339;21252;571742;0;9
899;Archbishop Benedictus;;341;38991;536053;0;9
900;Echo of Baine;;340;38791;571744;0;9
903;Echo of Jaina;;285;38802;571745;0;9
904;Asira Dawnslayer;;342;38995;536054;0;9
905;Deathwing;;333;40087;536055;0;9
913;Mannoroth;;292;38996;571746;0;9
914;Captain Varo'then;;292;39127;571746;1;9
942;High Interrogator Gerstahn;;369;8761;607644;0;9
943;Lord Roccor;;370;5781;607697;0;9
944;Houndmaster Grebmar;;371;9212;607647;0;9
945;Pyromancer Loregrain;;373;8762;607749;0;9
946;Lord Incendius;;374;1204;607694;0;63
947;Warder Stilgiss;;375;9089;607814;0;9
948;Fineous Darkvire;;376;8704;607602;0;9
949;Bael'Gar;;377;12162;607549;0;9
950;General Angerforge;;378;8756;607610;0;9
951;Golem Lord Argelmach;;379;8759;607618;0;9
952;Hurley Blackbreath;;380;8658;607650;0;9
953;Phalanx;;381;8177;607740;0;9
955;Plugger Spazzring;;383;8652;607741;0;9
956;Ambassador Flamelash;;384;8329;607535;0;9
957;Magmus;;386;12162;607705;0;9
958;Emperor Dagran Thaurissan;;387;8807;607595;0;9
959;Highlord Omokk;;388;11565;607645;0;9
960;Shadow Hunter Vosh'gajin;;389;9732;607769;0;9
961;War Master Voone;;390;28281;607810;0;9
962;Mother Smolderweb;;391;36506;607719;0;9
963;Urok Doomhowl;;392;11583;607801;0;9
964;Quartermaster Zigris;;393;9738;607751;0;9
965;Halycon;;394;9567;607634;0;9
966;Gizrul the Slavener;;395;9564;607615;0;9
967;Overlord Wyrmthalak;;396;8711;607737;0;9
973;Zevrim Thornhoof;;402;11335;607824;0;9
974;Hydrospawn;;403;5489;607653;0;9
975;Lethtendris;;404;21012;607686;0;9
976;Alzzin the Wildshaper;;405;14416;607533;0;9
977;Tendris Warpwood;;406;14383;607785;0;9
978;Illyanna Ravenoak;;407;11270;607656;0;9
979;Magister Kalendris;;408;14384;607703;0;9
980;Immol'thar;;409;14173;607657;0;9
981;Prince Tortheldrin;;410;11256;607745;0;9
982;Guard Mol'dar;;411;11561;607630;0;9
983;Stomper Kreeg;;412;11545;607777;0;9
984;Guard Fengus;;413;11561;607629;0;9
985;Guard Slip'kik;;414;11561;607631;0;9
986;Captain Kromcrush;;415;11564;607560;0;9
987;Cho'Rush the Observer;;416;11537;607565;0;9
988;King Gordok;;417;11583;607673;0;9
989;Crowd Pummeler 9-60;;418;36560;607572;0;9
990;Grubbis;;419;6533;607628;0;9
991;Electrocutioner 6000;;421;36558;607594;0;9
992;Mekgineer Thermaplugg;;422;36563;607714;0;9
993;Noxxion;;423;11172;607728;0;9
994;Razorlash;;424;12389;607756;0;9
995;Tinkerer Gizlock;;425;7125;607796;0;9
997;Lord Vyletongue;;427;12334;607699;0;9
998;Celebras the Cursed;;428;12350;607562;0;9
999;Landslide;;429;12293;607684;0;9
1000;Rotgrip;;430;13589;607761;0;9
1001;Princess Theradras;;431;12292;607747;0;9
1011;Hearthsinger Forresten;;443;10482;607637;0;9
1012;Aku'mai;Hydra;444;62522;607532;0;91
1013;Timmy the Cruel;;445;571;607795;0;9
1014;Willey Hopebreaker;;446;34480;607818;0;9
1016;Instructor Galford;;448;34498;607660;0;9
1017;Balnazzar;;449;34424;607551;0;9
1018;The Unforgiven;;450;10771;607792;0;9
1019;Baroness Anastari;;451;10698;607553;0;9
1021;Nerub'enkan;;452;9793;607724;0;9
1022;Maleki the Pallid;;453;10546;607707;0;9
1023;Magistrate Barthilas;;454;10433;607791;0;9
1024;Ramstein the Gorger;;455;12818;607752;0;9
1025;Lord Aurius Rivendare;;456;34837;607692;0;9
1026;Avatar of Hakkar;;457;8053;607548;0;9
1027;Jammal'an the Prophet;;458;6708;607665;0;9
1028;Dreamscythe;;459;7553;608311;0;9
1032;Shade of Eranikus;;463;7806;607768;0;9
1033;Hogger;;464;108956;4776138;0;9
1034;Lord Overheat;;465;1204;607695;0;9
1035;Randolph Moloch;;466;35068;607753;0;9
1036;Revelosh;;467;5945;607757;0;9
1037;"Eric ""The Swift""";;468;5708;0;1;9
1038;Olaf;;468;5709;0;2;9
1039;Baelog;;468;5710;607550;0;9
1040;Ironaya;;469;6089;607664;0;67
1041;Ancient Stone Keeper;;470;10798;607538;0;9
1042;Galgann Firehammer;;471;6059;607606;0;9
1043;Grimlok;;472;11165;607626;0;9
1044;Archaedas;;473;5988;607546;0;65
1045;Lady Anacondra;;474;4313;607680;0;9
1046;Lord Cobrahn;;475;4213;607693;0;9
1047;Lord Pythas;;476;4214;607696;0;9
1048;Kresh;;477;5126;607676;0;9
1049;Skum;;478;4203;607775;0;9
1050;Lord Serpentis;;479;4215;607698;0;9
1051;Verdan the Everliving;;480;4256;607805;0;9
1052;Mutanus the Devourer;;481;4088;607721;0;9
1053;Hydromancer Velratha;;482;6685;607652;0;9
1054;Gahz'rilla;;483;7271;607614;0;9
1055;Antu'sul;;484;7353;607541;0;9
1056;Theka the Martyr;;485;6696;607793;0;9
1057;Witch Doctor Zum'rah;;486;6434;607819;0;9
1058;Nekrum Gutchewer;;487;6690;607723;0;9
1059;Doom'rel;Leader of the Seven;385;8687;607587;0;9
1061;Chief Ukorz Sandscalp;;489;6439;607564;0;9
1098;Shirrak the Dead Watcher;;523;18916;607771;0;9
1099;Exarch Maladaar;;524;17715;607600;0;9
1104;Watchkeeper Gargolmar;;527;18236;607817;0;9
1105;Omor the Unscarred;;528;18237;607734;0;9
1106;Vazruden the Herald;;529;18944;607803;0;9
1107;Selin Fireheart;;530;22642;607767;0;9
1108;Vexallus;;531;22731;607806;0;9
1109;Priestess Delrissa;;532;22596;607742;0;9
1110;Kael'thas Sunstrider;;533;22906;607669;0;9
1111;Pandemonius;;534;71757;607738;0;9
1112;Tavarok;;535;19332;607782;0;9
1113;Yor;;536;14173;607822;0;9
1114;Nexus-Prince Shaffar;;537;19780;607726;0;9
1115;Lieutenant Drake;;538;17386;607689;0;9
1116;Captain Skarloc;;539;17387;607561;0;9
1117;Epoch Hunter;;540;19135;607596;0;9
1118;Darkweaver Syth;;541;20599;607583;0;9
1119;Anzu;;542;21492;607544;0;9
1120;Talon King Ikiss;;543;18636;607780;0;9
1121;Ambassador Hellmaw;;544;18821;607536;0;9
1122;Blackheart the Inciter;;545;18058;607555;0;9
1123;Grandmaster Vorpil;;546;18535;607625;0;9
1124;Murmur;;547;18839;607720;0;9
1125;Zereketh the Unbound;;548;19882;607823;0;9
1126;Dalliah the Doomsayer;;549;19888;607574;0;9
1127;Wrath-Scryer Soccothrates;;550;19977;607820;0;9
1128;Harbinger Skyriss;;551;19943;607635;0;9
1129;Chrono Lord Deja;;552;20513;607566;0;9
1130;Temporus;;553;19066;607784;0;9
1131;Aeonus;;554;20510;607529;0;9
1132;The Maker;;555;18369;607789;0;9
1133;Broggok;;556;19372;607558;0;9
1134;Keli'dan the Breaker;;557;17153;607670;0;9
1135;Commander Sarannis;;558;18929;607570;0;9
1136;High Botanist Freywinn;;559;19045;607641;0;9
1137;Thorngrin the Tender;;560;14416;607794;0;9
1138;Laj;;561;13109;607683;0;9
1139;Warp Splinter;;562;19438;607816;0;9
1140;Mechano-Lord Capacitus;;563;19162;607712;0;9
1141;Nethermancer Sepethrea;;564;19166;607725;0;9
1142;Pathaleon the Calculator;;565;20033;607739;0;9
1143;Grand Warlock Nethekurse;;566;16628;607624;0;9
1145;Warbringer O'mrogg;;568;18031;607811;0;9
1146;Warchief Kargath Bladefist;;569;19799;607812;0;9
1147;Mennu the Betrayer;;570;17728;607715;0;9
1148;Rokmar the Crackler;;571;17729;607759;0;9
1149;Quagmirran;;572;18224;607750;0;9
1150;Hydromancer Thespia;;573;11268;607651;0;9
1151;Mekgineer Steamrigger;;574;18638;607713;0;9
1152;Warlord Kalithresh;;575;20235;607815;0;9
1153;Hungarfen;;576;17228;607649;0;9
1154;Ghaz'an;;577;17528;607614;0;9
1155;Swamplord Musel'ek;;578;18570;607779;0;9
1156;The Black Stalker;;579;18194;607788;0;67
1157;Elder Nadox;;580;27407;607593;0;9
1158;Prince Taldaram;;581;27406;607744;0;9
1159;Jedoga Shadowseeker;;582;26777;607667;0;9
1160;Amanitar;;583;28133;607534;0;9
1161;Krik'thir the Gatewatcher;;585;27394;607678;0;9
1162;Hadronox;;586;26776;607633;0;9
1163;Trollgore;;588;26352;607798;0;9
1164;Novos the Summoner;;589;26292;607727;0;9
1165;King Dred;;590;5240;607672;0;9
1167;Slad'ran;;592;27422;607776;0;9
1168;Drakkari Colossus;;593;26589;607589;0;9
1169;Moorabi;;594;27059;607716;0;9
1170;Eck the Ferocious;;595;26644;607592;0;9
1171;Gal'darah;;596;27061;607605;0;9
1172;General Bjarngrim;;597;27301;607611;0;66
1173;Volkhan;;598;27071;607809;0;64
1174;Ionar;;599;27484;607663;0;9
1175;Loken;;600;27485;607690;0;66
1176;Falric;;601;30972;607601;0;9
1177;Marwyn;;602;30973;607710;0;9
1178;The Lich King;;603;30721;607688;0;9
1179;Krystallus;;604;20909;607679;0;9
1180;Maiden of Grief;;605;26657;607706;0;67
1181;Sjonnir The Ironshaper;;607;27483;607772;0;66
1182;Forgemaster Garfrost;;608;137504;607603;0;65
1183;Ick;;609;137500;0;1;9
1184;Krick;;609;137499;7524258;0;9
1185;Scourgelord Tyrannus;;610;137505;7526001;0;9
1186;Meathook;;611;26579;607711;0;9
1187;Salramm the Fleshcrafter;;612;26581;607763;0;9
1188;Chrono-Lord Epoch;;613;26580;607567;0;9
1189;Mal'Ganis;;614;26582;607708;0;9
1190;Bronjahm;;615;30226;607559;0;9
1191;Devourer of Souls;;616;30148;607585;0;9
1193;Commander Stoutbeard;;617;24366;607571;0;9
1194;Grand Magus Telestra;;618;24066;607623;0;9
1195;Anomalus;;619;26259;607540;0;9
1196;Ormorok the Tree-Shaper;;620;26298;607735;0;9
1197;Keristrasza;;621;24307;607671;0;9
1198;Drakos the Interrogator;;622;27032;607590;0;9
1199;Varos Cloudstrider;;623;27033;607802;0;9
1200;Mage-Lord Urom;;624;25010;607702;0;9
1201;Ley-Guardian Eregos;;625;27034;607687;0;9
1202;Erekem;;626;27488;607597;0;9
1203;Moragg;;627;20590;607717;0;9
1204;Ichoron;;628;27487;607654;0;9
1205;Xevozz;;629;27486;607821;0;9
1206;Lavanthor;;630;10193;607685;0;9
1207;Zuramat the Obliterator;;631;27855;607825;0;9
1208;Cyanigosa;;632;27508;607573;0;9
1214;Mokra the Skullcrusher;;634;28587;607622;0;9
1215;Zul'tore;;634;28588;0;3;9
1216;Eressea Dawnsinger;;634;28637;0;1;9
1217;Runok Wildmane;;634;28597;0;2;9
1218;Deathstalker Visceri;;634;28589;0;4;9
1219;Eadric the Pure;;635;29616;607591;0;9
1220;Argent Confessor Paletress;;636;29490;607547;0;9
1221;The Black Knight;;637;29837;607787;0;9
1222;Prince Keleseth;;638;25338;607743;0;9
1223;Skarvald the Constructor;;639;24605;607774;0;65
1224;Dalronn the Controller;;639;26349;607575;1;9
1225;Ingvar the Plunderer;;640;21953;607659;0;65
1226;Svala Sorrowgrave;;641;26096;607778;0;9
1227;Gortok Palehoof;;642;27419;607620;0;9
1228;Ferocious Rhino;;642;26284;0;1;9
1229;Massive Jormungar;;642;24564;0;3;9
1230;Frenzied Worgen;;642;26327;0;2;9
1231;Ravenous Furbolg;;642;23999;0;4;9
1232;Skadi the Ruthless;;643;27418;607773;0;67
1233;King Ymiron;;644;28019;607674;0;67
1234;High Justice Grimstone;;372;9329;608314;0;9
1236;Viscous Fallout;;420;36529;607808;0;9
1239;Risen Rifleman;;446;34481;0;1;9
1240;Shadowpriest Sezz'ziz;;487;6441;607770;1;9
1252;Raigonn;;649;39519;630845;0;9
1253;Armsmaster Harlan;;654;40293;630816;0;9
1255;Master Snowdrift;;657;41902;630841;0;9
1257;Liu Flameheart;;658;39487;630839;0;9
1258;Instructor Chillheart;;659;40301;630835;0;9
1265;Jandice Barov;;663;40639;607666;0;9
1269;Rattlegore;;665;31092;607755;0;9
1270;Lilian Voss;;666;40256;630838;0;9
1273;Hoptallus;;669;40339;630832;0;9
1275;Brother Korloff;;671;41154;630818;0;9
1276;Commander Durand;;674;41220;607643;1;9
1277;High Inquisitor Whitemane;;674;2043;607643;0;9
1294;Qin-xi;;677;41392;0;1;9
1295;Jan-xi;;677;41391;630836;0;9
1296;Gara'jal the Spiritbinder;;682;41256;630826;0;9
1305;Taran Zhu;;686;41121;630852;0;9
1308;Qiang the Merciless;Warlord King;687;41812;0;1;9
1309;Meng the Demented;Mad King;687;41813;630861;0;9
1310;Subetai the Swift;Bandit King;687;41565;0;2;9
1312;Thalnos the Soulrender;;688;27705;630853;0;9
1313;Feng the Accursed;;689;41192;630824;0;9
1315;Gekkan;;690;41920;630828;0;9
1316;Sha of Anger;;691;41448;630847;0;9
1321;Dark Shaman Koranthal;;695;42101;608310;0;9
1326;Houndmaster Braun;;660;42264;630833;0;9
1334;Kuai the Brute;;708;42058;630842;0;9
1335;Ming the Cunning;;708;42059;0;1;9
1336;Haiyan the Unstoppable;;708;42060;0;2;9
1337;Herald Volazj;;584;27408;607639;0;9
1338;Anub'arak;;587;27856;607542;0;9
1342;Brann Bronzebeard;;606;26353;607797;0;9
1343;Adarogg;;694;38759;608309;0;9
1344;Slagmaw;;696;38391;522251;0;9
1345;Lava Guard Gordoth;;697;42100;608315;0;9
1346;Hazzas;;459;9584;0;3;9
1347;Weaver;;459;6375;0;1;9
1348;Morphaz;;459;7975;0;2;9
1383;Elegon;;726;41399;630823;0;9
1385;Chief Salyis;;725;42468;0;1;9
1386;Galleon;;725;42439;630819;0;9
1393;Darkmaster Gandling;;684;40322;607582;0;9
1394;Blood Guard Porung;;728;17725;607556;0;9
1400;Amber-Shaper Un'sok;;737;43126;630815;0;9
1401;Amber Monstrosity;;737;44140;0;1;9
1402;Gu Cloudstrike;;673;39489;630831;0;9
1403;Azure Serpent;;673;39492;0;1;9
1404;Flameweaver Koegler;;656;40597;630825;0;9
1405;Garalon;;713;42368;630827;0;9
1407;Commander Vo'jak;;738;42169;630822;0;9
1412;Lei Shi;;729;42811;630837;0;65
1417;Grand Empress Shek'zeer;;743;42730;630830;0;9
1421;Imperial Vizier Zor'lok;;745;42807;630834;0;9
1422;Saboteur Kip'tilak;;655;43122;630846;0;9
1423;Obsidian Sentinel;;748;5285;607729;0;9
1424;Commander Malor;;749;34463;607569;0;9
1425;Zian of the Endless Shadow;Sorcerer King;687;41566;0;3;9
1428;Striker Ga'dok;;675;43275;630851;0;9
1429;Commander Ri'mok;;676;43286;630821;0;9
1430;Ook-Ook;;668;39498;630843;0;9
1431;Yan-Zhu the Uncasked;;670;42969;630860;0;65
1432;Wise Mari;;672;41125;630858;0;9
1433;Lorewalker Stonestep;;664;39506;630840;0;9
1434;Sha of Doubt;;335;45980;630848;0;9
1435;Xin the Weaponmaster;;698;41987;630859;0;9
1439;Vizier Jin'bak;;693;43197;630855;0;9
1444;Tsulong;During the Night;742;42532;630854;0;9
1465;Tsulong;During the Day;742;42533;0;1;9
1475;Wing Leader Ner'onok;;727;43151;630857;0;9
1476;Amethyst Guardian;;679;41892;630820;0;9
1477;Jasper Guardian;;679;42644;0;3;9
1478;Cobalt Guardian;;679;41893;0;1;9
1479;Jade Guardian;;679;41894;0;2;9
1480;Elder Asani;;683;41504;0;2;9
1481;Elder Regail;;683;41502;0;1;9
1482;Protector Kaolan;;683;41503;630844;0;9
1485;Wind Lord Mel'jarak;;741;42645;630856;0;9
1488;Sha of Violence;;685;43283;630850;0;9
1489;Lilian's Soul;;666;43908;0;1;9
1498;The Prophet Tharon'ja;;591;27072;607790;0;9
1516;General Pa'valak;;692;43120;630829;0;9
1517;Blade Lord Ta'yak;;744;43141;630817;0;9
1519;Sha of Fear;;709;45065;630849;0;9
1540;Nalak;;814;47227;796778;0;9
1544;Iron Qon;;817;46627;796775;0;9
1545;Ro'shak;;817;46628;0;1;9
1546;Quet'zal;;817;46629;0;2;9
1547;Dam'ren;;817;46630;0;3;9
1548;Durumu;;818;47189;796772;0;9
1551;Primordius;;820;47009;796780;0;9
1558;Sul the Sandcrawler;;816;47505;0;1;9
1559;Frost King Malakk;;816;47506;0;2;9
1561;Kazra'jin;;816;47229;796770;0;9
1562;Horridon;;819;47325;796774;0;9
1563;Dark Animus;;824;47527;796771;0;9
1564;Tortos;;825;46559;796781;0;9
1566;Oondasta;;826;47257;796779;0;9
1567;Jin'rokh the Breaker;;827;47552;796776;0;9
1569;Lu'lin;;829;46975;796773;0;9
1572;Lei Shen;;832;46770;796777;0;9
1573;Ji-Kun;;828;120300;796785;0;9
1574;Commander Kolurg;;833;24352;607568;0;9
1575;Marshal Jacob Alerius;;834;28560;607621;0;9
1576;Colosos;;834;28736;0;4;9
1577;Ambrose Boltspark;;834;28586;0;1;9
1578;Lana Stouthammer;;834;28564;0;3;9
1579;Jaelyne Evensong;;834;28735;0;2;9
1580;Ra-den;;831;47739;828452;0;9
1581;Suen;;829;46974;0;1;9
1582;High Priestess Mar'li;;816;47730;0;3;9
1594;Venomous Head;;821;47416;0;1;91
1595;Flaming Head;;821;47414;796786;0;91
1596;Frozen Head;;821;47415;0;2;91
1602;Malkorok;;846;49070;901164;0;9
1605;He Softfoot;;849;48917;0;1;9
1606;Rook Stonetoe;;849;48918;901159;0;9
1607;Sun Tenderheart;;849;48919;0;2;9
1608;General Nazgrim;;850;48995;901158;0;9
1609;Kor'kron Jailer;;851;49082;0;1;9
1610;Thok the Bloodthirsty;;851;51144;901171;0;9
1611;Immerseus;;852;49056;901160;0;9
1614;Earthbreaker Haromm;;856;49176;901163;0;9
1615;Wavebinder Kardris;;856;49177;0;1;9
1618;Chi-Ji;;857;49237;901155;0;9
1619;Yu'lon;;858;49234;901173;0;9
1620;Niuzao;;859;49235;901165;0;9
1621;Xuen;;860;49236;901172;0;9
1623;Ordos;;861;49285;901167;0;9
1624;Iron Juggernaut;;864;49844;901161;0;9
1625;Norushen;;866;48860;901166;0;66
1626;Sha of Pride;;867;49098;901168;0;9
1627;Galakras;;868;49337;901156;0;9
1628;Garrosh Hellscream;;869;49585;901157;0;9
1648;Skeer the Bloodseeker;;853;48674;901162;0;9
1649;Hisek the Swarmkeeper;;853;48675;0;1;9
1650;Ka'roz the Locust;;853;48676;0;2;9
1651;Korven the Prime;;853;48677;0;3;9
1652;Kaz'tik the Manipulator;;853;48678;0;4;9
1653;Xaril the Poisoned Mind;;853;48679;0;5;9
1654;Rik'kal the Dissector;;853;48680;0;6;9
1655;Iyyokuk the Lucid;;853;48681;0;7;9
1656;Kil'ruk the Wind-Reaver;;853;48682;0;8;9
2827;Amalgam of Corruption;;866;49360;0;1;9
2830;Siegecrafter Blackfuse;;865;51657;901169;0;9
2831;Secured Stockpile of Pandaren Spoils;;870;51173;901170;0;9
2835;Galakras;;881;49337;901156;0;9
2845;Magmolatus;;893;52033;0;1;9
2846;Forgemaster Gog'duh;;893;52899;1044355;0;9
2853;Blind Hunter;;900;52595;1064175;0;9
2855;Molten Inferno Crystal;;901;42641;0;2;9
2856;Charlga Razorflank;;901;31042;607563;0;9
2857;Venemous Discharge Crystal;;901;42643;0;3;9
2858;Tidal Tempest Crystal;;901;41366;0;1;9
2859;Warlord Ramtusk;;899;52515;607736;0;9
2860;Death Speaker Jargba;;899;4756;607584;1;9
2861;Aggem Thorncurse;;899;4645;607531;2;9
2862;Razorfen Beast Tracker;;895;1964;0;3;9
2863;Razorfen Bladeguard;;895;6109;0;1;9
2864;Razorfen Huntmaster;;895;1342;0;2;9
2865;Roogug;;895;52383;607760;0;9
2866;Hunter Bonetusk;;896;52047;607531;0;9
2936;Arakkoa Solar Zealot;;968;55994;0;1;9
2938;Arakkoa Shield Construct;;968;56653;0;2;9
2939;The Butcher;He slices, he crushes.;971;53855;1044375;0;9
3108;Ranjit;;965;56015;1044362;0;9
3109;Araknath;;966;54006;1044334;0;9
3111;High Sage Viryx;;968;56016;1044348;0;9
3112;Arakkoa Sun Construct Prototype;;966;56653;0;1;9
3125;Slave Watcher Crushto;;888;52893;1044368;0;9
3126;Dreadwing;;1122;53505;0;2;9
3127;Beastlord Darmac;;1122;53499;1044338;0;9
3128;Ironcrusher;;1122;53541;0;3;9
3129;Faultline;;1122;53542;0;4;9
3130;Cruelfang;;1122;53511;0;1;9
3131;Flamebender Ka'graz;;1123;53471;1044344;0;9
3144;Skylord Tovra;;1133;55630;1044376;0;9
3151;Kargath Bladefist;;1128;54674;1044352;0;9
3152;Sadana Bloodfury;;1139;54587;1044366;0;9
3155;Ghamoo - Ra;;368;52010;1064179;0;9
3156;Domina;;436;52034;1064180;0;9
3157;Subjugator Kor'ul;;426;52173;522214;0;9
3158;Guardian of the Deep;;447;75359;1064182;0;9
3159;Twilight Lord Bathiel;;437;52283;1064184;0;9
3160;Executioner Gore;;1144;52084;1064183;0;9
3161;Thruk;;1145;52057;1064181;0;9
3162;Operator Thogar;;1147;53519;1044357;0;9
3163;Phemos;;1148;55849;0;1;65
3164;Pol;;1148;54385;1044377;0;65
3172;Furnace Engineer;;1154;53472;0;2;9
3173;Heart of the Mountain;;1154;53456;1044374;7;9
3174;Bellows Operator;;1154;53473;0;3;65
3175;Slag Elemental;;1154;53481;0;6;9
3176;Security Guard;;1154;53474;0;1;9
3177;Primal Elementalist;;1154;53475;0;4;9
3178;Firecaller;;1154;53477;0;5;9
3179;Foreman Feldspar;;1154;53470;1044374;0;9
3180;Franzok;;1155;53576;1044345;0;9
3181;Hans'gar;;1155;53575;0;1;9
3190;Ner'zhul;;1160;52769;1044356;0;9
3191;Gruul;;1161;55050;1044346;0;9
3195;Assault Cannon;;1163;55161;0;1;9
3197;Nitrogg Thundertower;;1163;55162;1044339;0;9
3200;Roltall;;887;54259;1044363;0;9
3226;Gug'rokk;;889;52902;1044347;0;9
3234;Vigilant Kaathar;;1185;58263;1044336;0;9
3235;Soulbinder Nyami;;1186;53089;1044370;0;9
3255;Oregorger the Devourer;;1202;54317;1044484;0;9
3257;Fungal Flesh-Eater;;1196;58939;0;1;65
3265;Enforcer Sorka;;1203;53752;0;1;9
3266;Marak the Blooded;;1203;53876;0;2;9
3267;Admiral Gar'an;;1203;53982;1044350;0;9
3274;Blazing Trickster;;1216;53112;0;3;9
3275;Cackling Pyromaniac;;1216;19618;0;1;9
3276;Felguard;;1216;39908;0;2;9
3277;Azzakel;;1216;52964;1044337;0;9
3284;Teron'gor;;1225;54036;1044373;0;9
3285;Orebender Gor'ashan;;1226;53177;1044358;0;9
3286;Drakonid Monstrosity;;1227;53010;0;1;9
3287;Kyrak;;1227;53005;1044354;0;9
3288;Commander Tharbek;;1228;53689;1044351;0;9
3289;Ironbarb Skyreaver;;1228;55518;0;1;9
3290;Black Iron Guard;;1228;53643;0;2;9
3291;Ragewing Whelp;;1229;53396;0;1;9
3292;Ragewing the Untamed;;1229;53646;1044361;0;9
3300;Warlord Zaela;;1234;54683;1044379;0;9
3324;Zoggosh;;1238;57840;0;1;9
3325;Skulloc;;1238;57836;1044367;0;9
3326;Koramar;;1238;57837;0;2;9
3327;Dreadfang;;1235;56363;0;1;9
3328;Fleshrender Nok'gar;;1235;56351;1044380;0;9
3329;Makogg Emberblade;;1236;56017;0;1;9
3330;Ahri'ok Dugru;;1236;56033;1044340;0;9
3331;Neesa Nox;;1236;56029;0;2;9
3332;Oshir;;1237;55352;1044359;0;9
3333;Archmage Sol;;1208;57193;1044335;0;9
3334;Rukhmar;;1262;59089;1044364;0;9
3347;Rukhran;;967;59007;1044365;0;9
3348;Railmaster Rocketspark;;1138;54096;1044360;0;9
3349;Borka the Brute;;1138;59069;0;1;9
3350;Sunwings;;967;54030;0;1;9
3351;Brackenspore;;1196;58539;1044342;0;65
3360;Witherbark;;1214;56613;1044381;0;9
3361;Earthshaper Telu;;1207;58016;0;1;9
3363;Life Warden Gola;;1207;57022;0;2;9
3364;Xeri'tac;;1209;58398;1044382;0;9
3365;Yalnu;;1210;57231;1044383;0;9
3366;Tarlna the Ageless;;1211;57232;1044371;0;9
3367;Tectus;;1195;54793;1044372;0;9
3369;Kromog;;1162;56214;1044353;0;69
3370;Blackhand;;959;53791;1044378;0;9
3377;Dulhu;;1207;59767;1053563;0;9
3390;Drov the Ruiner;;1291;58260;1044483;0;9
3391;Frenzied Rumbler;;1291;60733;0;1;9
3392;Imperator Mar'gok;;1197;54329;1044349;0;9
3393;Ko'ragh;;1153;54825;1044343;0;9
3394;Cinder Wolf;;1123;53450;0;2;9
3395;Aknor Steelbringer;;1123;53812;0;1;9
3396;Giant Lasher;;1211;60764;0;2;9
3397;Untamed Mandragora;;1211;55767;0;1;9
3398;Aarux;;1142;27683;607633;0;9
3399;Mushlump;;1143;52354;1064178;0;66
3400;Death Speaker Blackthorn;;1146;4644;607584;0;9
3401;Amnennar the Coldbringer;;1141;32610;607537;0;9
3402;Ritual of Bones;;1160;58273;0;1;9
3403;Carrion Worm;;1140;59296;0;1;92
3404;Bonemaw;;1140;59273;1044341;0;92
3406;Nhallish;;1168;59978;1053564;0;9
3407;Mordresh Fire Eye;;433;52739;607718;0;9
3549;Kormrok;;1392;61990;1134504;0;9
3551;Tyrant Velhari;;1394;62479;1134509;0;9
3552;Mannoroth;;1395;62410;1134505;0;9
3553;Kilrogg Deadeye;;1396;62425;1134503;0;9
3606;Shadowfel Warden;;1433;62227;0;2;9
3607;Corrupted Priest of Terokk;;1433;63003;0;3;9
3608;Shadow-Lord Iskar;;1433;61932;1134506;0;9
3609;Illusionary Outcast;;1433;63004;0;4;9
3610;Fel Raven;;1433;62494;0;1;9
3611;Gurtogg Bloodboil;;1432;62826;1134501;0;9
3612;Blademaster Jubei'thos;;1432;62815;0;1;9
3613;Dia Darkwhisper;;1432;63511;0;2;9
3633;Iron Reaver;;1425;61921;1134499;0;9
3634;Hellfire Cannon;;1426;63068;0;1;9
3635;Siegemaster Mar'tak;;1426;63404;1134502;0;9
3644;Supreme Lord Kazzak;;1452;64119;1134508;0;9
3645;Archimonde;;1438;62423;1134497;0;9
3646;Fel Lord Zakuun;;1391;61830;1134498;0;9
3647;Gorefiend;;1372;61913;1134500;0;9
3648;Soulbound Construct;;1427;61925;1134507;0;9
3649;Xhul'horac;;1447;63415;1134510;0;9
3656;Residual Energy;Residual Energy is created whenever a player leaves the Shadow Realm and will fire off either Rings of Destruction or Wakes of Destruction.;1391;64352;0;1;9
3677;Warlord Parjesh;;1480;65114;1410992;0;9
3678;Hatecoil Shellbreaker;;1480;20772;0;1;9
3679;Hatecoil Crestrider;;1480;60790;0;2;9
3693;Serpentrix;;1479;65110;1410978;0;91
3694;Blazing Hydra Spawn;;1479;65145;0;1;91
3695;Arcane Hydra Spawn;;1479;65146;0;2;91
3696;Wrath of Azshara;;1492;66741;1410993;0;9
3700;Ash'Golm;;1468;65155;1410937;0;9
3707;Ymiron, the Fallen King;;1502;65079;1410995;0;65
3721;Harbaron;;1512;67556;1410956;0;65
3733;Lucifron;;1519;13031;1378993;0;9
3734;Magmadar;;1520;10193;1378995;0;9
3735;Gehennas;;1521;13030;1378976;0;9
3736;Garr;;1522;12110;1378975;0;9
3737;Shazzrah;;1523;13032;1379013;0;9
3738;Baron Geddon;;1524;12129;1378966;0;9
3739;Flamewaker Priest;;1525;12030;0;1;9
3740;Sulfuron Harbinger;;1525;13030;1379015;0;9
3741;Golemagg the Incinerator;;1526;11986;1378978;0;9
3742;Majordomo Executus;;1527;12029;1378998;0;9
3743;Flamewaker Healer;;1527;13029;0;1;9
3744;Flamewaker Elite;;1527;12002;0;2;9
3745;Ragnaros;;1528;11121;522261;0;225
3746;Razorgore the Untamed;;1529;10115;1379008;0;9
3747;Vaelastrasz the Corrupt;;1530;13992;1379022;0;9
3748;Broodlord Lashlayer;;1531;14308;1378968;0;9
3749;Firemaw;;1532;6377;1378973;0;9
3750;Ebonroc;;1533;6377;1378971;0;9
3751;Flamegor;;1534;6377;1378974;0;9
3752;Chromaggus;;1535;14367;1378969;0;9
3753;Nefarian;;1536;11380;1379001;0;9
3754;Kurinnaxx;;1537;15742;1385749;0;9
3755;General Rajaxx;;1538;15376;1385734;0;9
3756;Moam;;1539;15392;1385755;0;9
3757;Buru the Gorger;;1540;15654;1385723;0;9
3758;Ayamiss the Hunter;;1541;15431;1385718;0;9
3760;Ossirian the Unscarred;;1542;15432;1385759;0;9
3761;The Prophet Skeram;;1543;15345;1385769;0;9
3762;Battleguard Sartura;;1544;15583;1385720;0;9
3765;Sartura's Royal Guard;;1544;15465;0;1;9
3766;Fankriss the Unyielding;;1545;15743;1385728;0;9
3767;Princess Huhuran;;1546;15739;1385761;0;9
3768;Princess Yauj;;1547;15657;0;2;9
3769;Vem;;1547;15658;0;1;9
3770;Lord Kri;;1547;15656;1390436;0;9
3771;Viscidus;;1548;15686;1385771;0;9
3772;Emperor Vek'lor;;1549;15778;1390437;0;66
3773;Emperor Vek'nilash;;1549;15761;0;1;66
3774;Ouro;;1550;15509;1385760;0;87
3775;C'Thun;;1551;15556;1385726;0;9
3776;Shadikith the Glider;;1552;16053;0;1;9
3777;Hyakiss the Lurker;;1552;15938;0;2;9
3778;Rokad the Ravager;;1552;16054;1385766;0;9
3779;Midnight;;1553;19640;0;1;9
3780;Attumen the Huntsman;;1553;16416;1378965;0;9
3781;Moroes;;1554;16540;1378999;0;9
3782;Maiden of Virtue;;1555;16198;1378997;0;67
3783;The Big Bad Wolf;;1556;17053;1385758;0;9
3784;The Crone;;1556;17550;0;3;9
3785;Romulo;;1556;17067;0;1;9
3786;Julianne;;1556;17068;0;2;9
3787;The Curator;;1557;16958;1379020;0;9
3789;Shade of Aran;;1559;16621;1379012;0;9
3790;Terestian Illhoof;;1560;11343;1379017;0;9
3791;Netherspite;;1561;15363;1379002;0;9
3792;Echo of Medivh;;1562;18720;1385725;0;9
3793;Prince Malchezaar;;1563;19274;1379006;0;9
3794;High King Maulgar;;1564;18649;1378985;0;9
3795;Krosh Firehand;;1564;20194;0;4;9
3796;Kiggler the Crazed;;1564;12472;0;1;9
3797;Blindeye the Seer;;1564;11585;0;2;9
3798;Olm the Summoner;;1564;20195;0;3;9
3799;Gruul the Dragonkiller;;1565;18698;1378982;0;9
3800;Hellfire Channeler;;1566;9865;0;1;9
3801;Magtheridon;;1566;18527;1378996;0;9
3802;Hydross the Unstable;;1567;20162;1385741;0;9
3803;The Lurker Below;;1568;20216;1385768;0;88
3804;Shadow of Leotheras;;1569;20568;0;1;9
3805;Leotheras the Blind;;1569;20514;1385751;0;9
3806;Fathom-Guard Sharkkis;;1570;20671;0;1;9
3807;Fathom-Guard Caribdis;;1570;20672;0;3;9
3808;Fathom-Guard Tidalvess;;1570;20670;0;2;9
3809;Fathom-Lord Karathress;;1570;20662;1385729;0;9
3810;Morogrim Tidewalker;;1571;20739;1385756;0;9
3811;Lady Vashj;;1572;20748;1385750;0;9
3812;Al'ar;;1573;18945;1385712;0;9
3813;Void Reaver;;1574;18951;1385772;0;9
3814;High Astromancer Solarian;;1575;18239;1385739;0;9
3815;Grand Astromancer Capernian;;1576;20237;0;3;9
3816;Lord Sanguinar;;1576;20178;0;2;9
3817;Master Engineer Telonicus;;1576;20177;0;4;9
3818;Kael'thas Sunstrider;;1576;20023;607669;0;9
3819;Thaladred the Darkener;;1576;20236;0;1;9
3820;Rage Winterchill;;1577;17444;1385762;0;9
3821;Anetheron;;1578;21069;1385714;0;9
3822;Kaz'rogal;;1579;17886;1385745;0;9
3823;Azgalor;;1580;18526;1385719;0;9
3824;Archimonde;;1581;20939;1385716;0;9
3825;High Warlord Naj'entus;;1582;21174;1378986;0;9
3826;Supremus;;1583;21145;1379016;0;9
3827;Shade of Akama;;1584;21357;1379011;0;9
3829;Gurtogg Bloodboil;;1586;21443;1378983;0;9
3830;Essence of Anger;;1587;21484;0;2;9
3831;Essence of Desire;;1587;21485;0;1;9
3832;Essence of Suffering;;1587;21483;1385764;0;9
3833;Mother Shahraz;;1588;21252;1379000;0;9
3834;Gathios the Shatterer;;1589;21416;1385743;0;9
3835;Veras Darkshadow;;1589;21418;0;3;9
3836;High Nethermancer Zerevor;;1589;21417;0;1;9
3837;Lady Malande;;1589;21419;0;2;9
3838;Illidan Stormrage;;1590;21135;1378987;0;9
3839;Kalecgos;;1591;23345;1385744;0;9
3840;Sathrovarr the Corruptor;;1591;26628;0;1;9
3841;Brutallus;;1592;22711;1385722;0;9
3842;Felmyst;;1593;22838;1385730;0;9
3843;Lady Sacrolash;;1594;23177;0;1;9
3844;Grand Warlock Alythess;;1594;23334;1390438;0;9
3845;M'uru;;1595;23404;1385757;0;9
3846;Entropius;;1595;23428;0;1;9
3847;Kil'jaeden;;1596;23200;1385746;0;89
3848;Teron Gorefiend;;1585;21262;1379018;0;9
3849;Archavon the Stone Watcher;;1597;26967;1385715;0;64
3850;Emalon the Storm Watcher;;1598;27108;1385727;0;64
3851;Koralon the Flame Watcher;;1599;29524;1385748;0;64
3852;Toravon the Ice Watcher;;1600;31089;1385767;0;65
3853;Anub'Rekhan;;1601;15931;1378964;0;9
3854;Grand Widow Faerlina;;1602;15940;1378980;0;9
3855;Maexxna;;1603;15928;1378994;0;9
3856;Noth the Plaguebringer;;1604;16590;1379004;0;9
3857;Heigan the Unclean;;1605;16309;1378984;0;9
3858;Loatheb;;1606;16110;1378991;0;9
3859;Death Knight Understudy;;1607;16539;0;1;9
3860;Instructor Razuvious;;1607;16582;1378988;0;9
3861;Gothik the Harvester;;1608;16279;1378979;0;9
3862;Lady Blaumeux;;1609;16153;0;2;9
3863;Baron Rivendare;;1609;10729;1385732;0;9
3864;Sir Zeliek;;1609;16154;0;3;9
3865;Thane Korth'azz;;1609;16155;0;1;9
3866;Patchwerk;;1610;16174;1379005;0;9
3867;Grobbulus;;1611;16035;1378981;0;9
3868;Gluth;;1612;16064;1378977;0;9
3869;Thaddius;;1613;16137;1379019;0;64
3870;Sapphiron;;1614;113690;1379010;0;9
3871;Kel'Thuzad;;1615;15945;1378989;0;9
3872;Shadron;;1616;27421;0;2;9
3873;Tenebron;;1616;27082;0;1;9
3874;Vesperon;;1616;27039;0;3;9
3875;Sartharion;;1616;27035;1385765;0;9
3876;Malygos;;1617;26752;1385753;0;9
3877;Acidmaw and Dreadscale;;1618;29815;0;1;9
3878;Gormok the Impaler;;1618;29614;1390440;0;9
3879;Icehowl;;1618;21601;0;2;9
3880;Wilfred Fizzlebang;;1619;29814;0;1;9
3881;Lord Jaraxxus;;1619;29615;1385752;0;9
3883;Shocuul;;1620;29779;0;7;9
3884;Anthar Forgemender;;1620;29767;0;1;9
3885;Serissa Grimdabbler;;1620;29777;0;6;9
3886;Irieth Shadowstep;;1620;29776;0;3;9
3887;Tyrius Duskblade;;1620;29765;0;8;9
3888;Noozle Whizzlestick;;1620;29772;0;5;9
3892;Melador Valestrider;;1620;29780;0;4;9
3893;Baelnor Lightbearer;;1620;29774;0;2;9
3895;Alyssia Moonstalker;;1620;29770;1390442;0;9
3897;Caiphus the Stern;;1621;29783;0;2;9
3898;Narrhok Steelbreaker;;1621;29793;0;7;9
3900;Ginselle Blightslinger;;1621;29787;0;3;9
3901;Maz'dinah;;1621;29790;0;6;9
3902;Gorgrim Shadowcleave;;1621;29782;0;4;9
3905;Vivienne Blackwhisper;;1621;29791;0;9;9
3906;Harkzog;;1621;29792;0;5;9
3907;Birana Stormhoof;;1621;29781;1390441;0;9
3908;Broln Stouthorn;;1621;29784;0;1;9
3909;Ruj'kah;;1621;29786;0;8;9
3910;Eydis Darkbane;;1622;29267;0;1;9
3911;Fjola Lightbane;;1622;29240;1390443;0;9
3912;Anub'arak;;1623;29268;607542;0;9
3913;Lord Marrowgar;;1624;31119;1378992;0;9
3914;Lady Deathwhisper;;1625;30893;1378990;0;9
3915;High Overlord Saurfang;;1626;30416;1385737;0;9
3916;Muradin Bronzebeard;;1627;30508;1385736;0;9
3917;Deathbringer Saurfang;;1628;30790;1378970;0;9
3918;Festergut;;1629;31006;1378972;0;66
3919;Rotface;;1630;31005;1379009;0;66
3920;Professor Putricide;;1631;30881;1379007;0;9
3921;Prince Taldaram;;1632;30856;0;2;9
3922;Prince Valanar;;1632;30858;1385721;0;9
3923;Prince Keleseth;;1632;30857;0;1;9
3924;Blood-Queen Lana'thel;;1633;31165;1378967;0;9
3925;Valithria Dreamwalker;;1634;30318;1379023;0;9
3926;Sindragosa;;1635;30362;1379014;0;9
3927;The Lich King;;1636;30721;607688;0;9
3928;Flame Leviathan;;1637;28875;1385731;0;9
3929;Ignis the Furnace Master;;1638;29185;1385742;0;64
3930;Razorscale;;1639;28787;1385763;0;9
3931;XT-002 Deconstructor;;1640;28611;1385773;0;9
3932;Stormcaller Brundir;;1641;28324;0;2;9
3933;Steelbreaker;;1641;28344;1390439;0;65
3934;Runemaster Molgeim;;1641;28381;0;1;66
3935;Kologarn;;1642;28638;1385747;0;90
3936;Auriaya;;1643;28651;1385717;0;67
3937;Hodir;;1644;28743;1385740;0;65
3938;Sif;;1645;28488;0;1;67
3939;Thorim;;1645;28977;1385770;0;65
3940;Elder Stonebark;;1646;29176;0;3;9
3941;Freya;;1646;28777;1385733;0;67
3942;Elder Brightleaf;;1646;29174;0;1;9
3943;Elder Ironbranch;;1646;29175;0;2;64
3944;Mimiron;;1647;28578;1385754;0;9
3945;General Vezax;;1648;28548;1385735;0;9
3946;Yogg-Saron;;1649;28817;1385774;0;9
3947;Algalon the Observer;;1650;28641;1385713;0;9
3948;Onyxia;;1651;8570;1379025;0;9
3949;Halion;;1652;31952;1385738;0;9
3962;Rokmora;;1662;62386;1410976;0;9
3963;Helya;;1663;65043;1410957;0;9
3964;Cordana;;1470;66480;1410942;0;9
3965;Ularogg Cragshaper;;1665;62390;1410990;0;93
3967;Ursoc;;1667;66676;1410991;0;9
3974;Nightmare Egg;;1656;60365;0;1;9
3976;Naraxas;;1673;62391;1410971;0;9
3991;Mindflayer Kaahrj;;1686;67433;1410969;0;9
3992;Dargrul;;1687;62392;1410944;0;9
3993;Millificent Manastorm;;1688;67422;1410968;0;9
4001;Festerface;;1693;31006;1410950;0;66
4003;Sael'orn;;1697;67636;1410977;0;9
4004;Phase Spider;;1697;65920;0;1;9
4011;Blood-Princess Thal'ena;;1702;67638;1410938;0;9
4012;Nythendra;;1703;67904;1410972;0;9
4013;Taerar;;1704;67745;0;3;9
4014;Emeriss;;1704;67747;0;1;9
4015;Ysondre;;1704;67748;1410945;0;9
4016;Lethon;;1704;67749;0;2;9
4025;Fel Lord Betrug;;1711;67324;1410948;0;9
4044;Xavius;;1726;65636;1410994;0;64
4045;Corruption Horror;;1726;68390;0;1;9
4054;Trilliax;;1731;68567;1410989;0;9
4055;Oakheart;;1655;68127;1410973;0;9
4062;Gul'dan;;1737;68500;1410955;0;9
4064;Inconceivable Horrors;;1726;69215;0;2;9
4065;Lurking Terror;;1726;68972;0;3;9
4067;Nightmare Tentacle;;1726;69120;0;4;9
4075;Elisande;;1743;69082;1410954;0;9
4083;Nithogg;;1749;69816;1411029;0;9
4084;Cenarius;;1750;68656;1410940;0;9
4085;Malfurion Stormrage;;1750;70004;0;1;9
4086;Fiery Enchantment;;1751;1204;0;2;9
4087;Icy Enchantment;;1751;69885;0;1;9
4088;Arcane Enchantment;;1751;70177;0;3;9
4089;Spellblade Aluriel;;1751;68819;1410983;0;9
4102;Lord Kur'talos Ravencrest;;1672;64656;1410967;0;9
4103;Smashspite the Hateful;;1664;65304;1410982;0;9
4104;Illysanna Ravencrest;;1653;65951;1410961;0;9
4105;Amalgam of Souls;;1518;65837;1410986;0;9
4106;Advisor Melandrus;;1720;67346;1410933;0;9
4107;Talixae Flamewreath;;1719;69267;1410985;0;9
4108;Patrol Captain Gerdo;;1718;68521;1410975;0;9
4109;Shade of Xavius;;1657;68730;1410979;0;9
4110;Dresaron;;1656;69096;1410946;0;9
4111;King Deepbeard;;1491;67254;1410964;0;9
4112;Lady Hatecoil;;1490;66397;1410966;0;9
4113;Odyn;;1489;67230;1410974;0;66
4114;God-King Skovald;;1488;65873;1410953;0;9
4115;Fenryr;;1487;64466;1410949;0;9
4116;Hyrja;;1486;65076;1410959;0;9
4117;Hymdall;;1485;67773;1410958;0;65
4118;Advisor Vandros;;1501;65794;1410934;0;9
4119;Nal'tira;;1500;65793;1410970;0;9
4120;General Xakal;;1499;65792;1410951;0;9
4121;Corstilax;;1498;65791;1410943;0;9
4122;Ivanyr;;1497;65741;1410963;0;9
4123;Anub'esset;;1696;67630;1410935;0;9
4124;Shivermaw;;1694;27767;1410980;0;86
4125;Inquisitor Tormentorum;;1695;64719;1410962;0;9
4126;Glazer;;1469;66204;1410952;0;9
4127;Tirathon Saltheril;;1467;65074;1410988;0;9
4128;Elerethe Renferal;;1744;69474;1410947;0;9
4129;Il'gynoth;;1738;69115;1410960;0;64
4130;Chronomatic Anomaly;;1725;68970;1410941;0;9
4131;Krosus;;1713;68323;1410965;0;69
4132;Skorpyron;;1706;67087;1410981;0;9
4133;Star Augur Etraeus;;1732;68378;1410984;0;9
4134;Nightmare Horror;;1738;69231;0;1;64
4135;Dominator Tentacle;;1738;69882;0;4;67
4136;Deathglare Tentacle;;1738;69881;0;3;67
4137;Nightmare Ichor;;1738;69925;0;5;63
4138;Corruptor Tentacle;;1738;69880;0;2;67
4139;Shar'thos;;1763;70659;1411030;0;9
4140;Echo of Medivh;;1764;18720;1385724;0;9
4151;Calamir;;1774;70975;1411024;0;65
4158;Nightmare Abomination;;1654;69455;0;1;9
4165;Na'zak the Fiend;;1783;71534;1411028;0;64
4173;Tichondrius;;1762;68320;1410987;0;63
4174;High Botanist Tel'arn;;1761;68963;1410939;0;9
4175;Naturalist Tel'arn;;1761;70824;0;1;9
4176;Solarist Tel'arn;;1761;70822;0;2;9
4183;Hatespawn Whelpling;;1656;69908;0;2;9
4184;Ana-Mouz;;1790;71277;1411023;0;64
4185;Drugon the Frostblood;;1789;68225;1411025;0;66
4186;Reaver Jdorn;;1756;62703;0;2;9
4187;Soultrapper Mevra;;1756;69803;1411031;0;66
4188;Captain Hring;;1756;69849;0;1;9
4189;Fel Enchantment;;1751;69906;0;4;9
4190;Dread Abomination;;1726;69684;0;5;9
4191;Withered J'im;;1796;67466;1472455;0;67
4198;Humongris;;1770;67258;1411026;0;64
4199;Levantus;;1769;70946;1411027;0;65
4200;Destructor Tentacle;;1663;66346;0;2;9
4201;Grasping Tentacle;;1663;66618;0;1;9
4202;Flotsam;;1795;66811;1472454;0;64
4227;Shade of Medivh;;1817;18718;1536496;0;9
4228;Odyn;;1819;67230;1410974;0;66
4230;Mana Devourer;;1818;73157;1536492;0;9
4231;Elfyra;;1820;17550;1536495;0;9
4232;Galindre;;1820;73156;0;1;9
4234;Winged Assistant;;1820;73262;0;2;9
4241;Maiden of Virtue;;1825;16198;1378997;0;67
4242;Mrrgria;;1826;73161;0;1;9
4243;Toe Knee;;1826;73159;1536494;0;9
4244;Mrs. Cauldrons;;1827;73301;0;2;9
4245;Coggleston;;1827;73202;1536493;0;9
4246;Luminore;;1827;65104;0;1;9
4247;Babblet;;1827;73203;0;3;9
4249;Helya;;1829;65043;1410957;0;68
4250;Arcanist Tel'arn;;1761;70823;0;3;9
4251;Guarm;;1830;70104;1536491;0;9
4252;Recursive Elemental;;1743;55131;0;1;9
4253;Expedient Elemental;;1743;55143;0;2;9
4254;Fragmented Time Particle;;1725;55561;0;2;9
4255;Waning Time Particle;;1725;68616;0;1;9
4256;Archdruid Glaidalis;;1654;69815;1410936;0;67
4263;Attumen the Huntsman;;1835;73162;1536490;0;9
4264;Midnight;;1835;73160;0;1;9
4265;Moroes;;1837;16540;1378999;0;9
4273;Viz'aduum the Watcher;;1838;73709;1536497;0;9
4292;Harjatan;;1856;74020;1579940;0;9
4300;The Curator;;1836;16958;1379020;0;9
4301;Mistress Sassz'ine;;1861;74287;1579939;0;9
4311;Atrigan;;1867;74282;1579936;0;70
4312;Belac;;1867;74283;0;1;65
4319;Recursive Elemental;;1872;55131;0;1;9
4320;Expedient Elemental;;1872;55143;0;2;9
4321;Elisande;;1872;69082;1410954;0;9
4322;Fallen Avatar;;1873;74497;1579932;0;65
4323;Maiden of Valor;;1873;74498;0;1;67
4330;Razorjaw Gladiator;;1856;5306;0;2;9
4331;Darkscale Taskmaster;;1856;74438;0;3;9
4332;Razorjaw Wavemender;;1856;5286;0;1;9
4333;Mephistroth;;1878;74426;1579938;0;9
4340;Brutallus;;1883;66677;1385722;0;63
4341;Malificus;;1884;63619;1579937;0;63
4342;Si'vash;;1885;74528;1579941;0;9
4344;Goroth;;1862;74493;1579934;0;63
4351;Maiden of Vigilance;;1897;74875;1579933;0;66
4358;Engine of Souls;;1896;74496;1579943;0;9
4359;Soul Queen Dejahna;;1896;74861;0;1;67
4360;Huntress Kasparian;;1903;74874;1579935;0;67
4361;Priestess Lunaspyre;;1903;74775;0;2;67
4362;Captain Yathae Moonstrike;;1903;74748;0;1;67
4364;Agronox;;1905;74482;1579930;0;9
4365;Thrashbite the Scornful;;1906;78445;1579942;0;9
4372;The Desolate Host;;1896;75045;0;2;9
4417;Apocron;;1956;67647;1134499;0;65
4418;Moontalon;;1903;75101;0;3;9
4445;Domatrax;;1904;76609;1579931;0;9
4446;Kil'jaeden;;1898;74504;1385746;0;9
4453;Varimathras;;1983;76327;1715223;0;9
4454;Aggramar;;1984;76570;1715207;0;9
4455;Asara, Mother of Night;;1986;76917;0;1;66
4456;Diima, Mother of Gloom;;1986;76918;0;2;9
4457;Noura, Mother of Flames;;1986;76919;1715222;0;9
4468;Garothi Worldbreaker;;1992;76534;1715210;0;65
4469;F'harg;;1987;77004;1715209;0;71
4470;Shatug;;1987;76990;0;1;71
4477;L'ura;;1982;76770;1715214;0;9
4480;Admiral Svirax;;1997;78817;1715225;0;9
4481;Chief Engineer Ishkar;;1997;76921;0;1;9
4489;Zuraal the Ascended;;1979;77626;1715226;0;9
4490;Viceroy Nezhar;;1981;76614;1715224;0;9
4491;Darkfang;;1980;76602;0;1;9
4492;Saprish;;1980;76771;1715220;0;9
4499;Garothi Demolisher;;2004;77748;0;3;65
4500;Garothi Annihilator;;2004;77295;0;1;65
4501;Garothi Decimator;;2004;77299;0;2;65
4508;Portal Keeper Hasabel;;1985;78229;1715219;0;9
4509;Matron Folnuna;;2010;72943;1715215;0;64
4510;Mistress Alluradel;;2011;78119;1715216;0;9
4511;Inquisitor Meto;;2012;76271;1715212;0;9
4512;Occularus;;2013;65156;1715217;0;64
4517;Kin'garoth;;2004;54860;1715213;0;64
4530;Shadewing;;1980;78427;0;2;9
4537;Thu'raya, Mother of the Cosmos;;1986;78463;0;3;66
4556;General Erodus;;1997;76922;0;2;9
4561;Sotanathor;;2014;62714;1715221;0;70
4562;Pit Lord Vilemus;;2015;78146;1715218;0;63
4563;Imonar the Soulhunter;;2009;78031;1715211;0;70
4564;Essence of Eonar;;2025;79794;1715208;0;67
4566;Argus the Unmaker;;2031;78709;1715536;0;70
4603;Priestess Alun'za;;2082;80293;1778348;0;9
4604;Rezan;;2083;78188;1778349;0;9
4605;Ancient Bones;;2083;33733;0;1;9
4620;Captain Eudora;;2093;80346;1778346;0;9
4621;Captain Jolly;;2093;80532;0;1;9
4623;Harlan Sweete;;2095;80008;1778347;0;9
4624;Vol'kaal;;2036;79453;1778352;0;9
4625;Yazma;;2030;79568;1778353;0;9
4628;Skycap'n Kragg;;2102;80382;1778351;0;9
4629;Shark Bait;;2102;80438;0;1;9
4636;Felguard;;2025;9018;0;1;65
4637;Fel Lord;;2025;77321;0;5;65
4638;Fel-Charged Obfuscator;;2025;62227;0;2;64
4639;Fel Hound;;2025;70435;0;4;9
4640;Fel-Infused Destructor;;2025;79610;0;6;65
4641;Volant Kerapteron;;2025;65202;0;3;9
4642;Shark Puncher;;2094;55657;1778350;0;9
4649;The Sand Queen;;2097;82983;2176753;0;9
4650;Jes Howlis;;2098;81739;2176733;0;9
4651;Knight Captain Valyri;;2099;81498;2176735;0;9
4653;Captain Raoul;;2093;81060;0;2;9
4666;Sporecaller Zancha;;2130;81977;2176748;0;9
4667;Cragmaw the Infested;;2131;82072;2176719;0;9
4669;Sister Solena;;2125;82071;0;2;64
4670;Sister Malady;;2125;81999;0;1;64
4671;Sister Briar;;2125;81996;2176732;0;64
4672;Sergeant Bainbridge;;2133;84382;2176746;0;9
4673;Lord Waycrest;;2128;83349;2176736;0;64
4674;Lady Waycrest;;2128;87188;0;1;9
4675;Soulbound Goliath;;2126;79398;2176747;0;64
4676;Hadal Darkfathom;;2134;67541;2176730;0;9
4683;T'zane;;2139;82592;2176755;0;9
4688;Ji'arak;;2141;82392;2176734;0;9
4689;Ji'arak Broodling;;2141;76910;0;1;9
4694;Fetid Devourer;;2146;82831;2176725;0;9
4702;Aqu'sirr;;2153;85628;2176712;0;9
4703;Galecaller Faye;;2154;83273;0;1;9
4704;Brother Ironhull;;2154;84679;2176754;0;9
4706;Lord Stormsong;;2155;80996;2176737;0;9
4707;Vol'zith the Whisperer;;2156;84370;2176759;0;9
4708;Elder Leaxa;;2157;82394;2176724;0;9
4710;Adderis;;2142;80545;2176710;0;9
4711;Aspix;;2142;80566;0;1;9
4714;Raal the Gluttonous;;2127;83656;2176744;0;64
4715;Wasting Servant;;2127;82873;0;1;9
4725;Merektha;;2143;88585;2176739;0;9
4727;Venomous Ophidian;;2143;78250;0;1;9
4728;Galvazzt;;2144;81654;2176727;0;9
4730;Deathtouched Slaver;;2129;85978;0;1;9
4731;Zek'voz;;2169;85193;2176761;0;9
4732;Silithid Warrior;;2169;75705;0;1;9
4733;Nerubian Voidweaver;;2169;24130;0;2;9
4734;Remnant of Corruption;;2167;69925;0;1;9
4735;G'huun;;2147;84102;2176728;0;9
4738;Heart Guardian;;2145;84761;0;2;9
4739;Hoodoo Hexxer;;2145;84676;0;1;9
4740;Avatar of Sethraliss;;2145;83203;2176713;0;9
4747;Blightspreader Tendril;;2147;84808;0;1;91
4748;Cyclopean Terror;;2147;83793;0;2;91
4749;Dark Young;;2147;85632;0;3;9
4757;Taloc;;2168;85386;2176749;0;64
4771;Volatile Droplet;;2168;33006;0;1;9
4772;Plague Doctor;;2145;86210;0;3;9
4773;Coalesced Blood;;2168;84871;0;2;9
4774;Hailstone Construct;;2197;80964;2176731;0;9
4775;Azurethos;;2199;58717;2176716;0;9
4792;Lion's Shieldbearer;;2212;85590;0;2;9
4793;The Lion's Roar;;2212;85236;2176752;0;9
4794;Lion's Engineer;;2212;85574;0;1;9
4795;Lion's Warcaster;;2212;85591;0;3;9
4796;Doom's Howl;;2213;85735;2176721;0;9
4797;Doom's Howl Warcaster;;2213;85738;0;3;9
4798;Doom's Howl Engineer;;2213;85736;0;1;9
4799;Doom's Howl Dreadshield;;2213;85737;0;2;9
4800;Dunegorger Kraulok;;2210;86780;2176723;0;9
4801;Ravenous Ranishu;;2210;76382;0;1;9
4802;Azerokk;;2114;83891;2176714;0;9
4803;Coin-Operated Crowd Pummeler;;2109;80443;2176718;0;9
4804;Rixxa Fluxflame;;2115;81489;2176745;0;9
4805;Mogul Razdunk;;2116;81816;2176740;0;9
4900;Bloodthirsty Crawg;;2195;78853;0;3;9
4901;Zul;;2195;84351;2176762;0;9
4902;Nazmani Bloodhexer;;2195;86108;0;2;9
4903;Nazmani Crusher;;2195;86102;0;1;9
4904;The Golden Serpent;;2165;84202;2176751;0;9
4905;Mchimba the Embalmer;;2171;83529;2176738;0;9
4906;Kula the Butcher;;2170;84272;0;2;9
4907;Aka'ali the Conqueror;;2170;84269;2176750;0;9
4908;Zanazal the Wise;;2170;84271;0;1;9
4909;King Dazar;;2172;84352;2176720;0;9
4916;Corruption Corpuscle;;2146;86494;0;1;9
4917;Chopper Redhook;;2132;84821;2176717;0;9
4918;Dread Captain Lockwood;;2173;88579;2176722;0;9
4919;Unbound Abomination;;2158;86632;2176756;0;9
4920;Overseer Korgus;;2096;81505;2176743;0;9
4921;Gorak Tul;;2129;85983;2176729;0;66
4922;Warbringer Yenajz;;2198;84332;2176760;0;9
4923;MOTHER;;2167;85630;2176741;0;67
4924;Vectis;;2166;85116;2176757;0;9
4925;Mythrax the Unraveler;;2194;84615;2176742;0;9
4926;Bile Oozeling;;2127;75044;0;2;9
4927;Sand-crusted Striker;;2143;78247;0;2;9
4928;Resistant Bacterium;;2167;84871;0;2;9
4929;Viral Contagion;;2167;81077;0;3;9
4936;Viq'Goth;;2140;87990;2176758;0;9
4938;Grong;;2325;88863;2497783;0;9
4939;Apetagonizer 3000;;2325;29080;0;2;9
4941;Ivus the Forest Lord;;2329;88956;2497782;0;9
4942;Frida Ironbellows;;2333;88795;2497778;0;9
4943;Anointed Disciple;;2333;89232;0;1;9
4944;Darkforged Crusader;;2333;89233;0;2;9
4948;Headhunter Gal'wana;;2335;48525;0;3;9
4949;Siegebreaker Roka;;2335;82629;0;4;9
4950;Bwonsamdi;;2335;75961;0;1;9
4951;King Rastakhan;;2335;89115;2497784;0;9
4952;Rastari Honorguard;;2335;79770;0;5;9
4953;Prelate Za'lan;;2335;83392;0;2;9
4956;Brother Joseph;;2337;89306;0;2;9
4958;Sister Katherine;;2337;89304;0;1;9
4959;Laminaria;;2337;90322;2497786;0;9
4966;Grong the Revenant;;2340;89250;2497780;0;9
4967;Death Specter;;2340;89722;0;1;9
4971;Rezani Disciple;;2344;89804;0;1;9
4972;Ra'wani Kanae;;2344;88796;2497789;0;9
4973;Zandalari Crusader;;2344;89805;0;2;9
4975;Ivus the Decayed;;2345;89962;2497781;0;9
4976;Uu'nat;;2332;88864;2497794;0;9
4977;Fa'thuul the Feared;;2328;89415;0;1;9
4978;Zaxasj the Speaker;;2328;88850;2497795;0;9
4979;High Tinker Mekkatorque;;2334;7006;2497788;0;9
4980;Spark Bot;;2334;28573;0;1;9
4981;Explosive Sheep;;2334;3886;0;2;9
4982;Lady Jaina Proudmoore;;2343;87892;2497785;0;9
4985;Flying Ape Wranglers;;2325;89712;0;1;9
4986;Opulence;;2342;89251;2497790;0;9
4987;Manceroy Flamefist;;2341;89012;2529383;0;9
4988;Mestrah;;2341;89013;0;1;9
4989;Ma'ra Grimfang;;2323;89008;2497787;0;9
4990;Anathos Firecaller;;2323;89010;0;1;9
4991;Pa'ku's Aspect;;2330;89050;2497779;0;9
4992;Kimbul's Aspect;;2330;89053;0;2;9
4993;Akunda's Aspect;;2330;89052;0;3;9
4994;Gonk's Aspect;;2330;89051;0;1;9
4996;Za'qul;;2349;90895;3012064;0;268
4999;Orgozoa;;2351;91613;3012054;0;9
5000;Zoatroid;;2351;90987;0;1;9
5004;Abyssal Commander Sivara;;2352;91072;3012047;0;9
5008;King Gobbamak;;2357;90502;3012050;0;9
5009;Scrapbone Scavenger;;2357;4905;0;1;9
5010;Stolen Shock Coil;;2357;91082;0;3;9
5011;Stolen Scrap Bot;;2357;90821;0;2;9
5016;Gunker;;2358;91907;3012048;0;9
5017;Squirt Bot;;2358;91631;0;1;9
5020;King Mechagon;;2331;91120;3012051;0;9
5021;Head Machinist Sparkflux;;2348;23397;3012053;0;9
5022;The Platinum Pummeler;;2336;91216;3012060;0;9
5023;Gnomercy 4.U.;;2336;91879;0;1;9
5024;K.U.-J.0.;;2339;90775;3012052;0;9
5025;Silivaz the Zealous;;2359;92223;3012057;0;9
5026;Pashmar the Fanatical;;2359;91617;0;1;9
5027;Cyranus;;2361;91697;0;2;9
5028;Aethanel;;2361;91696;0;1;9
5030;Azshara's Devoted;;2361;92040;0;4;9
5031;Tidemistress;;2361;91726;0;6;9
5032;Overzealous Hulk;;2361;80968;0;3;9
5033;Queen Azshara;;2361;86567;3012056;0;907
5034;Loyal Myrmidon;;2361;91759;0;7;9
5035;Horrific Summoner;;2349;32501;0;1;9
5036;Horrific Vision;;2349;92608;0;2;9
5037;Unleashed Nightmare;;2349;80423;0;3;64
5038;First Arcanist Thalyssra;;2349;67345;0;4;274
5039;Ulmath;;2362;90989;3012061;0;9
5040;Moon Priestess Liara;;2362;91569;0;1;9
5041;Guardian Tannin;;2362;91573;0;2;9
5042;Azshara's Indomitable;;2361;92328;0;5;9
5043;Blackwater Behemoth;;2347;91379;3012062;0;9
5044;Radiance of Azshara;;2353;89445;3012058;0;9
5045;Lady Ashvane;;2354;91478;3012055;0;9
5046;Trixie Tazer;;2360;92001;3012059;0;9
5047;Naeno Megacrash;;2360;92000;0;1;9
5048;HK-8 Aerial Oppression Unit;;2355;92099;3012049;0;9
5049;Wekemara;;2363;92425;3012063;0;9
5050;Spawn of Wekemara;;2363;91872;0;1;9
5051;Azsh'ari Witch;;2351;91258;0;3;9
5052;Dreadcoil Hulk;;2351;74020;0;4;9
5053;Zanj'ir Myrmidon;;2351;91317;0;2;9
5054;Mechacycle;;2360;91634;0;2;9
5062;Maut;;2365;92912;3256380;0;9
5063;Fury of N'Zoth;;2366;94720;3256376;0;9
5066;Vexiona;;2370;92621;3257677;0;86
5067;Sinister Soulcarver;;2370;93182;0;3;9
5068;Fanatical Cultist;;2370;93176;0;1;338
5069;Spellbound Ritualist;;2370;93187;0;2;67
5070;Void Ascendant;;2370;92689;0;5;337
5071;Tek'ris;;2372;92756;0;1;9
5072;Ka'zir;;2372;93287;3256378;0;9
5073;Aqir Darter;;2372;91810;0;2;9
5074;Aqir Drone;;2372;92906;0;3;9
5075;Dark Manifestation;;2365;93869;0;1;9
5079;Prophet Skitra;;2369;93448;3256384;0;64
5080;N'Zoth, the Corruptor;;2375;93507;3256381;0;333
5082;Queen Azshara;;2377;86567;0;1;908
5084;Dark Inquisitor Xanesh;;2377;93159;3256386;0;330
5086;Shad'har the Insatiable;;2367;19368;3256383;0;9
5087;Blood of Ny'alotha;;2374;69925;0;2;9
5088;Organ of Corruption;;2374;93504;0;1;334
5089;Growth-Covered Tentacle;;2366;93931;0;2;335
5090;Synthesis Growth;;2366;93174;0;5;64
5091;Horrific Hemorrhage;;2366;93200;0;3;64
5092;Mycelial Cyst;;2366;93171;0;6;64
5093;Nightmare Antigen;;2366;92610;0;4;9
5094;Gaze of Madness;;2366;90717;0;1;336
5097;Aqir Ravager;;2372;85193;0;4;64
5098;Grand Empress Shek'zara;;2378;92227;3284400;0;9
5101;Zara'thik Swarmguard;;2378;86379;0;1;9
5102;Zara'thik Ambershaper;;2378;86376;0;2;9
5104;Aqir Scarab;;2381;92906;0;1;9
5105;Vuk'laz the Earthbreaker;;2381;85193;3284401;0;9
5106;Image of Absolution;;2369;94424;0;1;64
5108;Ra-den;;2364;93871;3256382;0;65
5109;Crackling Stalker;;2364;65631;0;1;9
5110;Maw of Drest'agath;;2373;93542;0;2;336
5111;Eye of Drest'agath;;2373;93541;0;3;336
5112;Drest'agath;;2373;93543;3256377;0;331
5113;Tentacle of Drest'agath;;2373;94583;0;1;335
5114;Thrashing Tentacle;;2366;94788;0;7;335
5115;Iron-Willed Enforcer;;2370;93738;0;4;338
5118;Wrathion;;2368;93334;3256385;0;86
5119;Il'gynoth;;2374;93513;3256379;0;332
5132;Kryxis the Voracious;;2388;93853;3753153;0;64
5133;Void Hunter;;2364;60652;0;2;9
5134;Kul'tharok;;2389;96088;3753154;0;9
5135;Amarth, The Harvester;;2391;95231;3753146;0;67
5136;Reanimated Mage;;2391;96062;0;3;67
5137;Reanimated Warrior;;2391;96060;0;2;67
5138;Bonefang;;2391;94926;0;1;9
5140;Stitchflesh's Creation;;2392;94046;0;1;9
5144;Paceran the Virulent;;2397;98081;0;1;9
5145;Sathel the Accursed;;2397;98082;0;2;67
5146;Dessia the Decapitator;;2397;96820;3752153;0;67
5147;Xav the Unfallen;;2390;95439;3752199;0;64
5148;Xy'exa;;2398;93596;3753147;0;361
5149;Droman Oulfarran;;2400;95564;0;1;66
5150;Ingra Maloch;;2400;95497;3753152;0;67
5152;Gorechop;;2401;95106;3752169;0;9
5153;Azules;;2399;93471;3752177;0;9
5154;Kin-Tara;;2399;95068;0;1;65
5156;Doctor Ickus;;2403;96919;3752162;0;9
5157;Margrave Stradama;;2404;95794;3752180;0;9
5158;Tred'ova;;2405;95809;3752194;0;9
5159;Halkias;;2406;94941;3752171;0;65
5160;General Kaal;;2407;95721;3752167;0;358
5162;Hakkar the Soulflayer;;2408;95484;3752170;0;9
5163;Millhouse Manastorm;;2409;68818;0;1;9
5164;Millificent Manastorm;;2409;67422;3752193;0;9
5166;High Adjudicator Aleez;;2411;94503;3753150;0;355
5168;Ghastly Parishioner;;2411;90425;0;1;9
5170;Ventunax;;2416;92193;3752198;0;9
5171;Mordretha;;2417;96078;3752182;0;86
5172;Echelon;;2387;95060;3752165;0;358
5173;Artificer Xy'Mox;;2418;95375;3752156;0;362
5174;Fleeting Manifestation;;2415;94279;0;1;9
5175;Executor Tarvold;;2415;96156;3753148;0;9
5176;Globgrog;;2419;95844;3752168;0;66
5177;Slimy Morsel;;2419;96635;0;1;9
5178;Soul Infuser;;2422;95921;0;6;355
5179;Vile Occultist;;2422;95922;0;5;355
5180;Rockbound Vanquisher;;2422;95923;0;3;358
5181;Shade of Kael'thas;;2422;94481;0;1;9
5182;Kael'thas Sunstrider;;2422;94482;3753157;0;9
5184;Domina Venomblade;;2423;96475;3752163;0;9
5185;Sire Denathrius;;2424;92797;3752159;0;63
5186;Reanimated Crossbowman;;2391;96114;0;4;67
5187;Surgeon Stitchflesh;;2392;96477;3753158;0;9
5188;Vessel of Atonement;;2411;96296;0;2;9
5189;Blightbone;;2395;95467;3752157;0;9
5190;Carrion Worm;;2395;15963;0;1;9
5192;Nalthor the Rimebinder;;2396;96085;3753155;0;9
5193;Zolramus Siphoner;;2396;94091;0;1;67
5194;Bleakwing Assassin;;2422;96609;0;4;358
5195;Pestering Fiend;;2422;94498;0;7;9
5196;High Torturor Darithos;;2422;96156;0;2;9
5197;Shriekwing;;2393;95719;3752190;0;9
5198;Crimson Cabalist;;2424;93611;0;2;355
5200;General Kaal;;2425;95721;3753156;0;358
5201;Baroness Frieda;;2426;96836;0;1;355
5202;Castellan Niklaus;;2426;96835;3753159;0;355
5203;Lord Stavros;;2426;96837;0;2;355
5204;Remornia;;2424;96665;0;1;357
5205;Hungering Destroyer;;2428;94223;3752174;0;66
5206;Mueh'zala;;2410;96358;3752184;0;66
5207;Veteran Stoneguard;;2426;96708;0;3;9
5208;Begrudging Waiter;;2426;96005;0;4;9
5209;Sludgefist;;2394;95623;3752191;0;66
5210;Grand Proctor Beryllia;;2421;94781;3753149;0;355
5211;Oryphrion;;2414;93502;3752189;0;64
5212;Devos;;2412;95665;3752160;0;65
5213;Lord Chamberlain;;2413;95103;3752179;0;355
5214;Brood Assassin;;2423;96434;0;1;9
5216;Oozing Leftovers;;2401;94761;0;1;9
5220;Hecutis;;2429;95540;0;3;9
5221;Bargast;;2429;95538;0;2;9
5222;Huntsman Altimor;;2429;95643;3753151;0;355
5223;Margore;;2429;95539;0;1;9
5224;Lady Inerva Darkvein;;2420;96806;3752178;0;356
5225;Slimy Smorgasbord;;2419;95790;0;2;9
5226;Valinor;;2430;93501;3752195;0;65
5227;Mortanis;;2431;94814;3752183;0;360
5228;Oranomonos the Everbranching;;2432;98240;3752188;0;65
5229;Nurgash Muckformed;;2433;96694;3752187;0;65
5230;Stone Legion Goliath;;2425;95707;0;3;9
5231;Stone Legion Commando;;2425;96699;0;2;9
5232;Mistcaller;;2402;96451;3752181;0;9
5233;General Grashaal;;2425;98156;0;1;9
5234;The Tarragrue;;2435;99060;4071444;0;9
5236;Zo'phex;;2437;98515;4071449;0;9
5240;Hylbrande;;2448;70368;4071429;0;65
5241;Timecap'n Hooktail;;2449;100063;4071446;0;9
5243;Sylvanas Windrunner;;2441;95032;4071443;0;9
5248;Spiked Ball;;2443;100531;0;1;64
5249;Achillite;;2454;92534;0;1;64
5251;Venza Goldfuse;;2454;100564;0;2;9
5253;Orb of Torment;;2444;100681;0;1;478
5256;Rattlecage of Agony;;2444;106463;0;4;478
5257;Malicious Gauntlets;;2444;106461;0;3;478
5258;Helm of Suffering;;2444;106462;0;2;478
5259;Painsmith Raznal;;2443;100920;4079051;0;9
5261;Soulrender Dormazain;;2445;100569;4071442;0;9
5263;Skyja;;2439;100851;0;2;9
5264;Signe;;2439;100853;0;1;9
5265;Kyra;;2439;100852;4071445;0;9
5266;Soul Reaver;;2440;90017;0;1;9
5267;Frostbound Devoted;;2440;96988;0;2;9
5268;Kel'Thuzad;;2440;96238;4071435;0;9
5269;Unstoppable Abomination;;2440;96437;0;3;9
5270;Remnant of Kel'Thuzad;;2440;28934;0;4;9
5271;Corsair Brute;A slow but strong brute of Timecap'n Hooktail's crew. Will slowly chase after players until sped up by Hooktail's |cFF2959D3|Hspell:1240214|h[Double Time]|h|r;2449;81324;0;1;9
5272;Mawsworn Agonizer;;2445;101110;0;1;9
5273;Mawsworn Overlord;;2445;101000;0;2;9
5274;Vault Purifier;;2448;100495;0;1;66
5275;So'leah;;2455;100737;4071441;0;361
5276;P.O.S.T. Master;;2436;100722;4071438;0;9
5277;Zo'gron;;2452;100497;4071448;0;361
5278;So'azmi;;2451;99094;4071440;0;362
5279;Eye of the Jailer;;2442;100237;4071426;0;9
5280;Remnant of Ner'zhul;;2444;101216;4071439;0;63
5281;Guardian of the First Ones;;2446;101174;4071428;0;9
5282;Fatescribe Roh-Kalo;;2447;100911;4071427;0;379
5283;Mor'geth;;2456;98527;4071436;0;9
5284;Loose Soul;;2456;100016;0;2;9
5285;Soul Cage;;2456;98535;0;1;9
5286;Shadowsteel Ember;;2443;38549;0;2;9
5287;Fatespawn Anomaly;;2447;94281;0;2;9
5288;Fatespawn Monstrosity;;2447;94279;0;1;9
5289;Oasis Security;;2452;101270;0;3;361
5290;Brawling Patron;;2452;101544;0;1;361
5291;Disruptive Patron;;2452;101271;0;2;361
5292;Shade of Destiny;;2447;89467;0;3;9
5293;Mal'Ganis;;2457;99100;4465336;0;9
5294;Kin'tessa;;2457;101471;0;1;483
5299;Vigilant Guardian;;2458;102474;4465340;0;64
5300;Pre-Fabricated Sentry;;2458;103101;0;2;65
5301;Volatile Materium;;2458;98789;0;4;66
5302;Point Defense Drone;;2458;103105;0;3;9
5303;Lihuvim;;2461;102124;4465335;0;64
5304;Rygelon;;2467;102060;4465338;0;9
5305;Antros;;2468;101905;4529365;0;9
5306;Anduin Wrynn;;2469;99093;4423747;0;9
5308;Artificer Xy'mox;;2470;102147;4423749;0;362
5309;Genesis Relic;;2470;104718;0;1;426
5311;Halondrus;;2463;105587;4423738;0;458
5319;Automated Defense Matrix;;2458;104830;0;1;9
5320;The Jailer;;2464;100456;4465334;0;65
5321;Skolex;;2465;101983;4465339;0;9
5322;Dausegne;;2459;101913;4465333;0;9
5323;Prototype of Absolution;;2460;102178;0;3;482
5324;Prototype of War;;2460;102179;4465337;0;65
5325;Prototype of Renewal;;2460;102193;0;2;65
5326;Prototype of Duty;;2460;102177;0;1;65
5329;Cosmic Core;;2467;105414;0;4;9
5330;Collapsing Quasar;;2467;105415;0;1;9
5331;Unstable Antimatter;;2467;105417;0;3;9
5332;Unstable Core;;2467;105418;0;5;9
5333;Unstable Matter;;2467;105416;0;2;9
5334;Defense Matrix Automa;;2461;101051;0;4;9
5335;Acquisitions Automa;;2461;105362;0;3;9
5336;Guardian Automa;;2461;105364;0;1;65
5337;Degeneration Automa;;2461;105363;0;2;66
5339;Gutshot;;2472;109135;4741518;0;9
5340;Treemouth;;2473;106294;4741532;0;9
5347;"Eric ""The Swift""";;2475;105884;0;1;9
5348;Baelog;;2475;105887;4741530;0;9
5349;Olaf;;2475;105883;0;2;9
5350;Eranog;;2480;105614;4757695;0;9
5351;Flamescale Tarasek;;2480;106213;0;1;9
5353;Sennarth, The Cold Breath;;2482;106348;4757699;0;9
5354;Ko'kia Blazehoof;;2485;106851;4741520;0;9
5355;Blazebound Firestorm;;2485;102552;0;1;9
5356;Sentinel Talondras;;2484;106790;4741527;0;9
5357;Bromach;;2487;107143;4741505;0;9
5358;Melidrussa Chillworn;;2488;106891;4741523;0;9
5360;Stonevault Geomancer;;2487;92697;0;2;9
5361;Stonevault Ambusher;;2487;77268;0;1;9
5363;Forgemaster Gorek;;2489;107189;4741513;0;9
5365;Chargath, Bane of Scales;;2490;108248;4741506;0;9
5366;Leymor;;2492;107127;4741521;0;9
5367;Broodkeeper Diurna;;2493;106243;4757693;0;9
5369;Magmatusk;;2494;102604;4741522;0;9
5370;Crawth;Terror of the Pitch.;2495;64923;4741508;0;9
5371;Kurog Grimtotem;;2491;106792;4757696;0;9
5372;Tectonic Crusher;;2491;109913;0;1;9
5374;Frozen Destroyer;;2491;109239;0;2;9
5375;Blazing Fiend;;2491;109237;0;3;9
5376;Thundering Ravager;;2491;109236;0;4;9
5377;Balakar Khan;;2477;107680;4741504;0;9
5378;Nokhud Stormcaster;;2477;105353;0;1;9
5379;Chrono-Lord Deios;;2479;106056;4741507;0;9
5381;Maruuk;;2478;105722;0;1;9
5382;Teera;;2478;105721;4741528;0;9
5383;The Raging Tempest;;2497;107145;4741531;0;9
5384;Granyth;;2498;105823;4741514;0;9
5385;Raszageth the Storm-Eater;;2499;103255;4757698;0;609
5387;Terros;;2500;106344;4757701;0;597
5389;Primal Flame;;2480;107035;0;3;9
5390;Decaying Slime;;2473;104893;0;1;9
5392;Erkhart Stormvein;;2503;108318;0;1;9
5393;Kyrakka;;2503;107137;4867810;0;9
5394;Warlord Sargha;;2501;107029;4741535;0;9
5395;Watcher Irideus;;2504;106801;4741536;0;610
5396;Rotfang Hyena;;2472;2711;0;1;9
5399;Umbrelskul;;2508;106802;4741533;0;9
5402;Azureblade;;2505;106829;4741503;0;9
5403;Curious Swoglet;;2507;102560;0;1;9
5404;Emberon;;2476;107816;4741511;0;9
5405;Khajin the Unyielding;;2510;107064;4741519;0;9
5408;Primal Tsunami;;2511;106934;4741525;0;9
5410;Telash Greywing;;2483;109087;4741529;0;9
5411;Vexamus;;2509;107525;4741534;0;9
5412;Awakened Crag;;2506;106523;0;1;66
5413;Basrikron;;2506;108210;4757691;0;9
5414;Tricktotem;;2471;105697;0;2;9
5415;Gashtooth;;2471;105695;0;1;9
5416;Rira Hackclaw;;2471;105696;4741526;0;9
5417;Decatriarch Wratheye;;2474;106069;4741509;0;9
5418;Dragonkiller Lance;;2498;107390;0;1;9
5419;Nokhud Saboteur;;2498;105895;0;2;9
5420;Overgrown Ancient;;2512;109194;4741524;0;9
5422;Ancient Branch;;2512;107359;0;1;9
5423;Echo of Doragosa;;2514;108925;4741510;0;9
5424;Primalist Infuser;;2511;102900;0;1;9
5425;Hungry Lasher;;2512;104474;0;2;9
5426;Dampening Device;;2504;109168;0;1;611
5430;Bazual;;2517;108209;4757692;0;9
5431;Liskanoth;;2518;108211;4757697;0;9
5432;Earthwrought Smasher;;2491;110375;0;5;9
5434;Dathea, Ascended;;2502;107813;4757694;0;592
5435;Thunder Caller;;2502;65631;0;2;594
5436;Caustic Spiderling;;2482;16050;0;2;9
5437;Frostbreath Arachnid;;2482;107107;0;1;9
5438;Volatile Infuser;;2502;108680;0;1;9
5439;Frostwrought Dominator;;2491;103247;0;6;9
5441;Flamewrought Eradicator;;2491;110374;0;7;9
5442;Stormwrought Despoiler;;2491;110373;0;8;9
5443;Strunraan;;2515;108212;4757700;0;9
5444;Embar Firepath;;2486;107597;0;3;9
5445;Opalfang;;2486;106928;0;2;9
5446;Kadros Icewrath;;2486;107599;4757702;0;9
5447;Dathea Stormlash;;2486;107598;0;1;9
5448;Gulping Goliath;;2507;103584;4741516;0;9
5449;Flamescale Captain;;2480;107422;0;2;9
5450;Infused Whelp;;2488;110633;0;1;9
5451;Draconic Image;;2505;109379;0;2;9
5452;Draconic Illusion;;2505;107094;0;1;9
5453;Surging Ruiner;;2499;110591;0;2;9
5454;Oathsworn Vanguard;;2499;102945;0;3;9
5455;Stormseeker Acolyte;;2499;102868;0;4;9
5456;Volatile Spark;;2499;108341;0;1;9
5457;Colossal Stormfiend;;2499;107145;0;5;9
5458;Dragonspawn Flamebender;;2493;107422;0;3;9
5459;Tarasek Legionnaire;;2493;107415;0;7;9
5460;Primalist Mage;;2493;102901;0;6;9
5461;Juvenile Frost Proto-Dragon;;2493;107419;0;1;9
5462;Tarasek Earthreaver;;2493;107420;0;2;9
5463;Drakonid Stormbringer;;2493;107423;0;4;9
5464;Nascent Proto-Dragon;;2493;109500;0;5;9
5465;Flamesworn Herald;;2499;106476;0;7;9
5466;Frostforged Zealot;;2499;106477;0;6;9
5467;Scalecommander Sarkareth;;2520;111664;5151373;0;9
5468;Rashok;;2525;112109;5151372;0;9
5469;Tyr, the Infinite Keeper;;2526;112999;5221764;0;65
5471;Magmorax;;2527;111628;5151371;0;9
5472;Empty Recollection;;2520;111768;0;1;9
5473;Null Glimmer;;2520;111769;0;2;9
5474;Eternal Blaze;;2529;111904;0;1;63
5475;Shadowflame Amalgamation;;2529;111903;0;2;63
5476;Essence of Shadow;;2529;111850;5151374;0;63
5477;Neldris;;2530;111623;5151375;0;9
5478;Rionthus;;2530;111749;0;2;9
5480;Thadrion;;2530;111468;0;1;9
5481;Vakan;;2531;112005;5151696;0;673
5482;Gholna;;2531;112006;0;1;674
5483;Zskarn;;2532;111477;5151376;0;9
5484;Chronikar;;2521;111556;5221761;0;9
5485;Kazzara;;2522;111505;5151370;0;672
5487;Blight of Galakrond;;2535;112066;5221760;0;9
5488;Dazhak;;2535;111284;0;3;9
5489;Ahnzon;;2535;111245;0;1;9
5490;Loszkeleth;;2535;103254;0;2;9
5491;Warlord Kagni;;2524;111276;5151368;0;9
5492;Zaqali Wallclimber;;2524;110916;0;2;9
5493;Flamebound Huntsman;;2524;111273;0;3;9
5494;Ignara;;2524;111877;0;1;9
5495;Magma Mystic;;2524;111274;0;4;9
5496;Obsidian Guard;;2524;111275;0;5;9
5497;Iridikron;;2537;105326;5221765;0;9
5498;Stone Creation;;2537;73034;0;1;9
5499;Fyrakk the Blazing;;2519;111452;5409250;0;738
5500;Dragonfire Golem;;2532;111635;0;1;9
5501;Morchie;;2536;111457;5221767;0;9
5502;Twisted Aberration;;2523;94374;0;2;9
5503;Voice From Beyond;;2523;90743;0;1;9
5504;Neltharion;;2523;111794;5151369;0;9
5546;Time-Displaced Trooper;;2538;112511;0;2;9
5547;Chrono-Lord Deios;;2538;106056;4741507;0;9
5548;Infinite Keeper;;2538;112687;0;1;9
5551;Manifested Timeways;;2528;113190;5221766;0;9
5552;Anduin Lothar;;2534;112018;5221759;0;9
5553;Grommash Hellscream;;2533;112017;5221763;0;9
5554;Larodar, Keeper of the Flame;;2553;113588;5409253;0;9
5555;Igira the Cruel;;2554;112382;5409252;0;726
5556;Aerwynn;;2555;62290;0;1;9
5557;Urctos;;2555;114021;5409249;0;9
5558;Pip;;2555;113939;0;2;9
5559;Nymue;;2556;112829;5409254;0;9
5560;Fiery Treant;;2553;113611;0;2;9
5561;Volcoross;;2557;113942;5409257;0;716
5565;Scorching Roots;;2553;115925;0;3;65
5568;Aurostor;;2562;113098;5409248;0;9
5569;Flame-Tormented Ancient;;2564;113866;5409251;0;9
5570;Tindral Sageswift;;2565;114456;5409256;0;9
5571;Tindral Sageswift;;2565;114405;0;1;9
5572;Tindral Sageswift;;2565;114031;0;2;9
5573;Tainted Lasher;;2564;104635;0;1;9
5574;Tindral Sageswift;;2565;114072;0;3;9
5575;Kyrioss;;2566;114856;5907268;0;93
5577;Ol' Waxbeard;;2569;114171;5907270;0;9
5579;Wick;;2569;114039;0;1;9
5580;Scorchtail;;2557;113907;0;1;717
5586;E.D.N.A.;;2572;120054;5907257;0;9
5587;Stormguard Gorren;;2567;114403;5907280;0;9
5588;Tainted Treant;;2564;114027;0;2;9
5589;Seed of Life;;2553;114176;0;1;9
5593;Smolderon;;2563;113988;5409255;0;9
5594;Congealed Ooze;;102;33012;0;1;9
5595;The Candle King;;2560;114508;5907282;0;9
5596;Void Speaker Eirich;;2582;119856;5907258;0;9
5597;Naz'jar Honor Guard;;101;92314;0;1;9
5598;Naz'jar Frost Witch;;101;92538;0;2;9
5599;Cycle Warden;;2556;115647;0;1;9
5600;Sludge;;104;91837;0;3;9
5601;Neptulon;;104;32081;0;1;65
5602;Ink of Ozumat;;104;91695;0;2;9
5603;Splotch;;104;102373;0;4;9
5605;Spirit of the Kaldorei;;2519;68533;0;1;736
5606;Burning Colossus;;2519;114136;0;3;739
5607;Screaming Soul;;2519;68536;0;2;741
5608;Skarmorak;;2579;118714;5907278;0;9
5609;Crystal Shard;;2579;37518;0;1;9
5618;Thirsty Patron;;2586;119017;0;1;9
5619;Brew Master Aldryr;;2586;116429;5907247;0;9
5620;Orator Krix'vizk;;2594;116692;5907271;0;9
5621;Vx;;2595;115017;0;1;9
5622;Nx;;2595;115776;5907260;0;9
5623;Izo, the Grand Splicer;;2596;116701;5907265;0;9
5630;Goldie Baronbottom;;2589;118000;5907263;0;9
5631;The Coaglamation;;2600;117254;5907283;0;9
5632;Ki'katal the Harvester;;2585;117473;5907266;0;9
5634;Nexus-Princess Ky'veza;;2601;117946;5907269;0;9
5636;Queen Ansurek;;2602;118481;5907274;0;9
5642;Rasha'nan;;2609;118404;5907275;0;9
5643;Infested Spawn;;2609;116084;0;1;9
5644;Brew Drop;;2587;117828;0;1;9
5645;I'pa;;2587;117177;5907264;0;9
5646;Ravenous Spawn;;2607;115708;0;1;9
5647;Ulgrax the Devourer;;2607;117772;5907286;0;9
5648;Blazikon;;2559;115888;5907254;0;9
5649;The Darkness;;2561;117773;5907284;0;9
5651;The Bloodbound Horror;;2611;117669;5907281;0;9
5652;Voracious Worm;;2612;115007;0;2;9
5653;Blood Parasite;;2612;119696;0;3;9
5654;Broodtwister Ovi'nax;;2612;118963;5907255;0;9
5655;Colossal Spider;;2612;112446;0;1;9
5656;Summoned Acolyte;;2602;122687;0;6;9
5657;Gloom Hatchling;;2602;118605;0;7;9
5658;Rasha'nan;;2593;118404;5907275;0;9
5659;Rhahk'Zor;;2613;14403;5875511;0;9
5673;General Umbriss;;2617;118920;5907262;0;9
5674;Valiona;;2618;31795;522276;1;9
5675;Dragha Shadowburner;;2618;31792;522218;0;9
5676;Invoked Shadowflame Spirit;;2618;116017;0;2;9
5678;Erudax;;2619;119801;5907259;0;9
5679;Twilight Hatchling;;2619;119810;0;1;9
5680;Skeinspinner Takazj;;2608;119005;0;1;935
5681;Anub'arash;;2608;118997;5907285;0;9
5682;Chamber Guardian;;2602;119373;0;3;9
5683;Ascended Voidspeaker;;2602;119348;0;1;9
5684;Caustic Skitterer;;2602;122689;0;5;9
5685;Devoted Worshipper;;2602;119403;0;2;9
5686;"""Captain"" Cookie";;2620;1305;522210;0;9
5687;Admiral Ripsnarl;;2621;35739;522189;0;9
5688;Foe Reaper 5000;;2622;35606;522225;0;9
5689;Lumbering Oaf;;2623;33003;523206;1;9
5690;Helix Gearbreaker;;2623;33002;522234;0;9
5691;Glubtok;;2624;37410;522228;0;9
5692;Voidstone Monstrosity;;2568;114324;5907287;0;597
5693;Stormrider Vokmar;;2568;116266;0;3;9
5695;Voidstone Awakened;;2568;114860;0;2;9
5696;Speaker Shadowcrown;;2580;114311;5907279;0;9
5697;Benk Buzzbee;;2588;117818;5907253;0;9
5698;Cindy;;2588;119263;0;1;9
5699;Ravenous Cinderbee;;2588;113896;0;2;9
5700;Avanoxx;;2583;119793;5907251;0;9
5701;Chamber Expeller;;2602;119968;0;4;9
5702;Orta;;2625;119835;5907272;0;9
5703;Sneed's Shredder;;2626;1269;5875512;0;9
5704;Forgemaster Throngus;;2627;33429;522226;0;66
5705;Gilnid;;2628;7124;5875508;0;9
5706;Mr. Smite;;2629;2026;5875509;0;9
5707;Captain Greenskin;;2630;7113;5875505;0;9
5708;Edwin VanCleef;;2631;2029;5875507;0;9
5709;Cookie;;2632;1305;5875506;0;9
5710;Arathi Neophyte;;2573;115544;0;1;9
5711;Prioress Murrpray;;2573;118877;5907273;0;9
5712;Elaena Emberlanz;;2571;118872;0;1;9
5713;Sergeant Shaynemail;;2571;118870;0;2;9
5714;Captain Dailcry;;2571;118879;5907256;0;9
5715;Taener Duelmal;;2571;118873;0;3;9
5716;Baron Braunpyke;;2570;118878;5907252;0;9
5717;Postmaster Malown;;2633;10669;5875510;0;9
5718;Sneed;;2626;7125;5875512;1;9
5720;Ruuzlu;;489;6687;607762;1;9
5721;Shattershell Scarab;;2608;116538;0;2;9
5724;Shurrai;;2636;96784;5907276;0;64
5725;Drowned Arathi;;2636;115496;0;1;9
5726;Anub'zekt;;2584;115723;5907250;0;9
5727;Sikran;;2599;116257;5907277;0;9
5728;Speaker Dorlita;;2590;121903;5907261;0;1042
5729;Speaker Brokk;;2590;115818;0;1;9
5730;Kordac;;2637;118472;5907267;0;9
5731;Fractured Skardyn;;2635;117974;0;1;9
5732;Aggregation of Horrors;;2635;119659;5907246;0;933
5733;Anub'ikkaj;;2581;114315;5907249;0;9
5734;Lost Watcher;;2611;27849;0;1;9
5735;Blood Horror;;2611;92232;0;3;9
5736;Forgotten Harbinger;;2611;90742;0;2;9
5741;Pit Mechanic;;2639;121716;0;3;9
5743;Reel Assistant;;2644;124307;0;1;9
5744;Bloodstained Webmage;;2584;117870;0;1;9
5745;Starved Crawler;;2583;114552;0;1;9
5747;Vexie Fullthrottle;;2639;122443;0;1;9
5750;Darkfuse Mechadrone;;2648;121758;0;1;9
5751;Big M.O.M.M.A.;;2648;122867;6389248;0;1008
5752;Keeza Quickfuse;;2649;123036;6389247;0;9
5753;Bront;;2649;122215;0;1;9
5754;Swampface;;2650;115575;6391303;0;9
5755;Geezle Gigazap;;2651;124579;6391301;0;9
5756;Torq the Tempest;;2640;122216;0;1;9
5757;Flarendo the Furious;;2640;121214;6377879;0;9
5759;Geargrinder Biker;;2639;122477;0;2;973
5760;The Geargrinder;;2639;122476;6377934;0;9
5761;Chopper Redhook;;2654;84821;2176717;0;9
5762;Stix Bunkjunker;;2642;122352;6377936;0;984
5763;Territorial Bombshell;;2642;122917;0;3;9
5764;Emberdawn;;2655;123453;7372493;0;9
5769;Unstable Crawler Mine;;2645;49134;0;1;9
5770;Mug'Zee;;2645;124110;6377881;0;9
5771;One-Armed Bandit;;2644;122886;6377919;0;978
5772;Scrap Shooter;;2642;123064;0;1;9
5773;Junkyard Hyena;;2642;121293;0;2;9
5784;Lord Roccor;;2663;120758;607697;0;9
5789;Emperor Dagran Thaurissan;;2670;120764;607595;0;9
5790;Ambassador Flamelash;;2669;120761;522268;0;9
5791;General Angerforge;;2668;120763;607610;0;9
5792;Doom'rel;;2667;122582;607587;0;9
5793;Vile'rel;;2667;122586;0;6;9
5794;Dope'rel;;2667;122583;0;3;9
5795;Seeth'rel;;2667;122580;0;4;9
5796;Anger'rel;;2667;122581;0;1;9
5797;Gloom'rel;;2667;122584;0;2;9
5798;Hate'rel;;2667;122585;0;5;9
5799;Moira Bronzebeard;;2670;120765;0;1;9
5800;Golem Lord Argelmach;;2666;120762;607618;0;9
5801;Magmatron Mk. II;;2666;122309;0;1;9
5802;Toxitron Mk. II;;2666;122311;0;3;9
5803;Electron Mk. II;;2666;122312;0;4;9
5804;Arcanotron Mk. II;;2666;122310;0;2;9
5805;Flame Geyser;;2665;122227;0;1;66
5806;Lord Incendius;;2665;120760;607694;0;945
5807;Bael'Gar;;2664;120759;607549;0;9
5808;Spawn of Bael'Gar;;2664;122126;0;1;66
5809;Greater Obsidian Elemental;;2663;122011;0;2;65
5810;Lesser Obsidian Elemental;;2663;122013;0;4;67
5811;Living Magma;;2663;122014;0;5;86
5812;Son of Roccor;;2663;122010;0;1;64
5813;Obsidian Elemental;;2663;122012;0;3;66
5814;Dark Iron Imperial Guard;;2670;122759;0;3;9
5815;Avatar of Ragnaros;;2670;122739;0;2;9
5816;Twilight's Hammer Ambassador;;2670;122741;0;4;9
5817;Fireguard Destroyer;;2670;122758;0;5;945
5818;Fireling;;2670;122772;0;6;66
5819;Burning Spirit;;2669;122592;0;3;86
5820;Flamewaker;;2669;122591;0;1;9
5821;Firestarter;;2669;122593;0;2;66
5822;Anvilrage Medic;;2668;122952;0;6;9
5823;Anvilrage Officer;;2668;122954;0;5;9
5824;Anvilrage Dragoon;;2668;122950;0;4;9
5825;Anvilrage Soldier;;2668;122960;0;9;9
5826;Anvilrage Artillerist;;2668;122948;0;3;9
5827;Harbinger of Flames;;2668;122942;0;1;65
5828;Anvilrage Sapper;;2668;122958;0;8;9
5829;Anvilrage Rogue;;2668;122956;0;7;9
5830;Shadowforge Flame Keeper;;2668;122970;0;2;9
5831;Volunteer Rocketeer;;2645;123311;0;3;9
5832;Amplifier;;2641;122299;0;1;954
5833;Rik Reverb;;2641;123720;6377932;0;953
5835;Gallagio Goon;;2645;126565;0;2;9
5836;Mk II Electro Shocker;;2645;121758;0;4;9
5838;Support Rig;;2639;121758;0;4;9
5839;Kalis;;2656;91068;7372492;0;9
5840;Latch;;2656;125198;0;1;9
5841;Azhiccar;;2675;101978;6989963;0;9
5844;Restless Heart;;2658;125200;7372514;0;9
5845;Commander Kroluk;;2657;139034;7372490;0;9
5847;Kystia Manaheart;;2679;124578;7372495;0;9
5848;Nibbles;;2679;126199;0;1;9
5851;Zaen Bladesorrow;;2680;124592;7372516;0;9
5852;Forbidden Freight;Provides an excellent source of cover.;2680;137176;0;1;9
5853;Xathuux the Annihilator;;2681;75659;7372515;0;9
5855;Lithiel Cinderfury;;2682;124577;7372511;0;9
5856;Chrome King Gallywix;;2646;125492;6377935;0;9
5860;Furious Vilefiend;Attacks quickly, inflicting high damage;2682;84426;0;1;9
5862;Wild Imp;"Summoned by |cFF2959D3|Hspell:474462|h[Fingers of Gul'dan]|h|r

Casts |cFF2959D3|Hspell:1223204|h[Felfire Burst]|h|r";2682;77407;0;2;9
5863;The Gobfather;;2683;123059;6393160;0;983
5864;Primed Boomcrawler;;2683;49134;0;1;9
5865;Voidstone Fragment;;2568;121219;0;1;9
5866;Frenzied Mite;;2675;97762;0;1;9
5867;Sprocketmonger Lockenstock;;2653;122751;6377880;0;9
5868;Earthrager;;2114;124456;0;1;9
5871;Nexus-King Salhadaar;;2690;125691;6980557;0;9
5872;Beam Turret;;2653;125110;0;1;9
5873;Rocket Launcher;;2653;27101;0;2;9
5874;Mega Magnet;;2653;125878;0;3;945
5875;Void Launcher;;2653;122138;0;5;9
5876;Void Turret;;2653;125112;0;4;9
5877;Rotmire;;2711;139454;7852832;0;1454
5878;Sporecap;;2711;131467;0;1;9
5879;Shroomling;;2711;115227;0;2;9
5892;Fungling;;2711;139448;0;3;9
5893;Soul-Scribe;;2677;126804;6989965;0;66
5894;Taah'bat;;2676;123825;6989968;0;9
5895;A'wazj;;2676;126474;6989968;1;63
5900;Ilyssa Darksorrow;;2688;127563;7050731;2;9
5901;Velaryn Bloodwrath;;2688;127558;7050731;1;9
5902;Adarus Duskblaze;;2688;127562;7050731;0;9
5903;The Royal Voidwing;;2690;126889;0;1;9
5904;Belo'ren, Child of Al'ar;;2739;130007;7448166;0;1305
5905;L'ura;;2740;129561;7455547;0;1292
5906;Alleria Windrunner;;2738;129430;7448162;0;9
5908;Fallen-King Salhadaar;;2736;131634;7448169;0;1307
5911;Imperator Averzian;;2733;137457;7448164;0;9
5913;Vorasius;;2734;131605;7448165;0;1303
5914;Seranel Sunlash;;2661;127739;7372512;0;9
5923;Manaforged Titan;;2690;126550;0;2;9
5925;Shadowguard Reaper;;2690;128081;0;5;9
5926;Zekvir;;2773;116968;0;0;9
5932;Arcane Echo;;2687;128123;0;1;1071
5933;Fractillus;;2747;127984;7016468;0;9
5937;Shielded Attendant;;2687;68973;0;3;9
5938;Arcane Collector;;2687;127717;0;2;1072
5939;Forgeweaver Araz;;2687;127526;6980555;0;1071
5940;Cragpine;;2782;125365;7413635;0;1399
5941;The Hoardmonger;;2776;129344;7455022;0;9
5944;Rotten Mushroom;;2776;129345;0;1;9
5945;Plexus Sentinel;;2684;127837;6980553;0;65
5946;Volatile Manifestation;;2684;106365;0;1;9
5947;Fractured Shivercore;;2777;103231;0;1;9
5948;Sentinel of Winter;;2777;129418;7455021;0;9
5949;Vaelgor;;2735;131632;7448163;0;360
5950;Pargoth;;2691;129569;0;2;9
5951;Dimensius;;2691;128867;6980554;0;9
5952;Artoshion;;2691;129591;0;1;9
5957;Reshanor;;2762;92621;6989964;0;9
5958;Loom'ithar;;2686;128577;6980556;0;1065
5959;Soulbinder Naazindhri;;2685;128319;6980558;0;64
5960;Taz'Rah;;2791;124085;7372577;0;9
5961;Atroxus;;2792;131553;7372482;0;9
5962;Charonus;;2793;128554;7372489;0;9
5963;Chimaerus;;2795;136680;7448167;0;360
5970;Commander Venel Lightblood;;2737;131527;0;2;9
5971;General Amias Bellamy;;2737;131501;0;1;9
5972;War Chaplain Senn;;2737;131523;7448168;0;9
5973;Void Ember;;2739;128559;0;2;1306
5974;Light Ember;;2739;128558;0;1;1306
5975;Vorelus;;2738;136883;0;3;9
5976;Demiar;;2738;131373;0;2;9
5977;Morium;;2738;92689;0;1;9
5978;Nalorakk;;2778;129989;7455020;0;9
5979;Zul'jarra;;2778;125149;0;1;9
5980;Living Ember;;1468;1204;0;1;945
5981;Blistercreep;;2734;128548;0;1;9
5982;Gemellus;;2660;131317;7372494;0;9
5993;Swarming Shade;;2795;124155;0;3;9
5994;Haunting Essence;;2795;124152;0;2;9
5995;Arcane Manifestation;;2687;128111;0;4;1068
5996;Void Manifestation;;2687;131522;0;5;1076
6000;Chief Corewright Kasreth;;2813;124026;7464100;0;9
6001;Corewarden Nysarra;;2814;131511;7464101;0;9
6002;Lothraxion;;2815;137705;7464102;0;9
6006;Ezzorak;;2735;131633;0;1;360
6009;Alcruux;;2454;101039;4071447;0;64
6010;Nexus-Prince Xevvos;;2690;128327;0;4;9
6011;Nexus-Prince Ky'vor;;2690;128326;0;3;9
6014;Colossal Horror;;2795;124154;0;1;64
6019;Voidcrawler;;2762;130000;0;1;9
6020;Void Creeper;;2762;125924;0;2;9
6029;Muro'jin;;2810;130699;7464180;0;9
6030;Nekraxx;;2810;130705;0;1;9
6031;Shadowguard Mage;;2685;129239;0;1;9
6032;Shadowguard Assassin;;2685;131795;0;2;9
6033;Shadowguard Phaseblade;;2685;131806;0;3;9
6034;Haunting Grunt;;2657;139032;0;3;9
6035;Phantasmal Mystic;;2657;139030;0;1;9
6036;Spectral Axethrower;;2657;139031;0;2;9
6062;Rak'tul;;2812;131550;7464181;0;1319
6063;Obscurion Endwalker;;2733;75493;0;4;9
6064;Shadowguard Stalwart;;2733;129818;0;3;9
6065;Abyssal Voidshaper;;2733;136444;0;1;9
6067;Fractured Image;;2736;139278;0;2;9
6068;Vordaza;;2811;131548;7464182;0;9
6069;Unstable Phantom;;2811;136272;0;1;9
6070;Malignant Soul;;2812;137163;0;3;9
6071;Soulbind Totem;;2812;137911;0;1;64
6072;Lost Soul;;2812;136272;0;2;9
6073;Voidmaw;;2733;137402;0;2;9
6074;Grand Nullifier;;2814;137240;0;1;9
6075;Dreadflail;;2814;131531;0;2;9
6076;Thorm'belan;;2829;136062;7413638;0;9
6084;Lu'ashal;;2827;129638;7413637;0;9
6085;Predaxas;;2828;129396;7413636;0;9
6086;Arcanoton Custos;;2659;131334;7433976;0;9
6087;Degentrius;;2662;132031;7372491;0;9
6090;Concentrated Void;;2736;139277;0;1;63
6091;Rimefang;;610;31154;0;1;9
6096;Lightspawn Lasher;;2772;131589;0;1;9
6097;Ziekket;;2772;136619;7478234;0;9
6099;Lightwarden Ruia;;2771;129858;0;2;9
6100;Lightwarden Ruia;;2771;129856;7478233;0;9
6101;Lightwarden Ruia;;2771;137347;0;1;9
6102;Ikuzz the Light Hunter;;2770;129424;7478232;0;9
6103;Bloodthorn Roots;;2770;28634;0;1;9
6104;Lekshi;;2769;139025;0;1;9
6105;Kezkitt;;2769;139027;0;2;9
6106;Meittik;;2769;129588;7478231;0;9
6107;Lightblossom;;2769;129261;0;3;9
6108;Shade of Krick;;609;138601;0;2;9
6109;Coalesced Void;;1979;76601;0;1;9
6111;Midnight Crystal;;2740;136356;0;1;1289
6112;Dusk Crystal;;2740;136357;0;2;1288
6114;Dawn Crystal;;2740;138946;0;3;1290
6115;Fractured Image;;2815;137513;0;1;9
6126;Lindormi;;2869;109669;6636192;0;9
6127;Xal'atath;;2870;121956;6636193;0;9
6130;Orb of Ascendance;;2870;140396;0;1;9
6131;Void Emissary;;2870;141116;0;3;9
6132;Void Pulsar;;2870;141206;0;2;1380
6133;Devouring Rift;;2870;140398;0;4;9
6143;Abyssal Malus;;2733;137390;0;5;9
6145;Angry Treant;;2782;864;0;1;9
6146;Scourge Plaguespreader;;610;138341;0;2;9
6147;Rotling;;610;138343;0;3;9
6152;Voidbound Annihilator;;2733;137387;0;6;9
6153;Infernal;Pursues players with |cFF2959D3|Hspell:1231262|h[Felfire Core]|h|r;2682;103096;0;3;9
6154;Enduring Void;;2736;142526;0;3;9
6189;Toxic Creeper;;2792;140374;0;1;9
